"Season_End_Year","Squad","Comp","Player","Nation","Pos","Age","Born","Mins_Per_90","GA_Goals","PKA_Goals","FK_Goals","CK_Goals","OG_Goals","PSxG_Expected","PSxG_per_SoT_Expected","PSxG+_per__minus__Expected","_per_90_Expected","Cmp_Launched","Att_Launched","Cmp_percent_Launched","Att_Passes","Thr_Passes","Launch_percent_Passes","AvgLen_Passes","Att_Goal","Launch_percent_Goal","AvgLen_Goal","Opp_Crosses","Stp_Crosses","Stp_percent_Crosses","#OPA_Sweeper","#OPA_per_90_Sweeper","AvgDist_Sweeper","Url"
2023,"Ajaccio","Ligue 1","Benjamin Leroy","FRA","GK","33",1989,31.1,60,8,1,10,1,47.7,0.3,-11.3,-0.36,213,522,40.8,657,77,52.4,38.5,212,84,52.1,389,18,4.6,54,1.74,16.9,"https://fbref.com/en/players/1e7aea56/Benjamin-Leroy"
2023,"Ajaccio","Ligue 1","Ghjuvanni Quilichini","FRA","GK","19",2002,0.9,0,0,0,0,0,0.8,0.24,0.8,0.93,6,24,25,26,2,61.5,43.8,8,100,61,25,2,8,0,0,7.5,"https://fbref.com/en/players/1b729a98/Ghjuvanni-Quilichini"
2023,"Ajaccio","Ligue 1","François-Joseph Sollacaro","FRA","GK","28",1994,6,14,1,0,1,1,9.1,0.34,-3.9,-0.65,19,87,21.8,102,11,56.9,40.7,40,72.5,48.2,93,6,6.5,6,1,11.5,"https://fbref.com/en/players/f19f32b1/Francois-Joseph-Sollacaro"
2023,"Almería","La Liga","Fernando","ESP","GK","32",1990,36.5,61,4,1,4,1,60.5,0.29,0.5,0.01,199,557,35.7,967,211,39.1,36.9,341,52.5,42.9,614,39,6.4,26,0.71,12.4,"https://fbref.com/en/players/dabb2827/Fernando"
2023,"Almería","La Liga","Diego Mariño","ESP","GK","32",1990,0.5,2,0,0,0,0,1.4,0.28,-0.6,-1.25,2,3,66.7,3,1,33.3,35.7,5,40,45.6,12,0,0,0,0,7,"https://fbref.com/en/players/d9235a45/Diego-Marino"
2023,"Almería","La Liga","Fernando Pacheco","ESP","GK","30",1992,1,2,0,0,1,0,1.6,0.32,-0.4,-0.42,3,12,25,26,8,42.3,40.2,4,25,36,16,1,6.3,2,2,14.5,"https://fbref.com/en/players/97852360/Fernando-Pacheco"
2023,"Angers","Ligue 1","Paul Bernardoni","FRA","GK","25",1997,27,62,8,1,6,3,51.4,0.31,-7.6,-0.28,94,291,32.3,479,124,39.5,34.6,185,55.1,42.6,357,21,5.9,18,0.67,11.4,"https://fbref.com/en/players/28dabd43/Paul-Bernardoni"
2023,"Angers","Ligue 1","Yahia Fofana","FRA","GK","21",2000,11,19,1,0,3,1,16.4,0.27,-1.6,-0.14,33,125,26.4,256,70,35.2,33.6,69,50.7,41.7,143,17,11.9,9,0.82,11.8,"https://fbref.com/en/players/9d420dad/Yahia-Fofana"
2023,"Arsenal","Premier League","Aaron Ramsdale","ENG","GK","24",1998,38,43,3,0,6,1,40,0.28,-2,-0.05,109,429,25.4,956,174,35.4,33.3,153,59.5,49.2,381,22,5.8,43,1.13,16.1,"https://fbref.com/en/players/466fb2c5/Aaron-Ramsdale"
2023,"Aston Villa","Premier League","Emiliano Martínez","ARG","GK","29",1992,34.9,38,4,1,6,4,36.6,0.24,2.6,0.07,199,523,38,1171,135,35.5,33,212,50.5,40.7,483,60,12.4,73,2.09,16.6,"https://fbref.com/en/players/7956236f/Emiliano-Martinez"
2023,"Aston Villa","Premier League","Robin Olsen","SWE","GK","32",1990,3.1,8,1,0,3,0,6.2,0.29,-1.8,-0.57,15,62,24.2,101,18,44.6,37.6,28,60.7,46.8,45,5,11.1,3,0.96,14.2,"https://fbref.com/en/players/e7ee38c3/Robin-Olsen"
2023,"Atalanta","Serie A","Juan Musso","ARG","GK","28",1994,23.1,27,2,0,3,2,21.7,0.23,-3.3,-0.14,109,276,39.5,547,152,32.5,32.1,157,62.4,48.6,253,14,5.5,24,1.04,15.6,"https://fbref.com/en/players/a111cf41/Juan-Musso"
2023,"Atalanta","Serie A","Francesco Rossi","ITA","GK","31",1991,0,0,0,0,0,0,0,NA,0,0,0,1,0,3,0,0,17.3,1,100,65,1,0,0,0,0,NA,"https://fbref.com/en/players/7b5f516f/Francesco-Rossi"
2023,"Atalanta","Serie A","Marco Sportiello","ITA","GK","30",1992,14.9,21,1,1,2,0,19.6,0.29,-1.4,-0.1,52,148,35.1,346,85,20.5,28.8,116,66.4,49.7,200,18,9,18,1.21,15,"https://fbref.com/en/players/ac4003af/Marco-Sportiello"
2023,"Athletic Club","La Liga","Julen Agirrezabala","ESP","GK","21",2000,7.5,6,0,0,0,0,5.5,0.3,-0.5,-0.06,37,101,36.6,179,33,29.6,30.5,62,77.4,55.4,96,11,11.5,10,1.33,15.4,"https://fbref.com/en/players/a2c1a8d3/Julen-Agirrezabala"
2023,"Athletic Club","La Liga","Unai Simón","ESP","GK","25",1997,30.5,37,3,1,1,3,31.7,0.28,-2.3,-0.08,134,351,38.2,762,154,30.6,33.2,186,63.4,49.4,355,18,5.1,40,1.31,17.5,"https://fbref.com/en/players/5dcf3e90/Unai-Simon"
2023,"Atlético Madrid","La Liga","Antonio Gomis","ESP","GK","19",2003,0.1,1,0,0,0,0,0.6,0.64,-0.4,-5.35,0,3,0,2,0,100,58.5,1,100,94,3,0,0,0,0,1,"https://fbref.com/en/players/f0f4671c/Antonio-Gomis"
2023,"Atlético Madrid","La Liga","Ivo Grbić","CRO","GK","26",1996,10.2,12,3,0,4,0,13.8,0.23,1.8,0.17,46,148,31.1,230,50,37.4,34.1,99,62.6,47.4,214,23,10.7,7,0.68,9.2,"https://fbref.com/en/players/3f034750/Ivo-Grbic"
2023,"Atlético Madrid","La Liga","Jan Oblak","SVN","GK","29",1993,27.7,20,1,1,1,0,21.9,0.27,1.9,0.07,120,374,32.1,586,115,40.4,36.1,228,60.1,46,358,25,7,19,0.69,14.2,"https://fbref.com/en/players/ee8508c0/Jan-Oblak"
2023,"Augsburg","Bundesliga","Rafał Gikiewicz","POL","GK","34",1987,23,41,1,1,4,0,41.3,0.28,0.3,0.01,185,452,40.9,916,127,33.3,33,234,62.8,48.9,363,21,5.8,45,1.96,16.7,"https://fbref.com/en/players/17376543/Rafal-Gikiewicz"
2023,"Augsburg","Bundesliga","Tomáš Koubek","CZE","GK","29",1992,11,22,0,1,0,2,22,0.36,2,0.19,77,225,34.2,414,48,37.9,36.5,96,70.8,52.5,176,10,5.7,22,2,16.8,"https://fbref.com/en/players/dc366c36/Tomas-Koubek"
2023,"Auxerre","Ligue 1","Benoît Costil","FRA","GK","35",1987,19,41,3,0,3,0,34,0.33,-7,-0.37,132,292,45.2,454,72,41.9,36.8,137,74.5,51.7,285,3,1.1,11,0.58,13.1,"https://fbref.com/en/players/2434f24a/Benoit-Costil"
2023,"Auxerre","Ligue 1","Donovan Léon","GUF","GK","29",1992,2,2,1,0,0,0,1.9,0.13,-0.1,-0.03,19,57,33.3,55,8,63.6,46.4,24,91.7,66.1,41,0,0,2,1,12.9,"https://fbref.com/en/players/51c83a90/Donovan-Leon"
2023,"Auxerre","Ligue 1","Ionuț Radu","ROU","GK","25",1997,17,20,0,0,0,1,21.9,0.27,2.9,0.17,117,349,33.5,469,65,52.9,41.3,128,78.9,53.1,273,14,5.1,13,0.76,12.9,"https://fbref.com/en/players/67f649be/Ionut-Radu"
2023,"Barcelona","La Liga","Iñaki Peña","ESP","GK","23",1999,0.8,2,0,0,0,0,1.4,0.36,-0.6,-0.7,1,3,33.3,23,5,13,25.2,4,0,22.8,7,0,0,2,2.47,16.5,"https://fbref.com/en/players/cc1c5035/Inaki-Pena"
2023,"Barcelona","La Liga","Marc-André ter Stegen","GER","GK","30",1992,37.2,18,3,0,2,3,23.7,0.21,8.7,0.23,168,335,50.1,1215,185,22.1,28.9,197,34,35.2,368,18,4.9,41,1.1,16.4,"https://fbref.com/en/players/6f51e382/Marc-Andre-ter-Stegen"
2023,"Bayern Munich","Bundesliga","Manuel Neuer","GER","GK","36",1986,12,11,2,0,0,0,14.7,0.29,3.7,0.31,39,79,49.4,435,81,16.6,26.8,69,10.1,23.8,103,4,3.9,23,1.92,19.5,"https://fbref.com/en/players/8778c910/Manuel-Neuer"
2023,"Bayern Munich","Bundesliga","Yann Sommer","SUI","GK","33",1988,19,25,7,1,1,0,23.7,0.32,-1.3,-0.07,48,118,40.7,651,83,14.6,25.1,98,23.5,28.7,212,12,5.7,27,1.42,16.7,"https://fbref.com/en/players/420c18a1/Yann-Sommer"
2023,"Bayern Munich","Bundesliga","Sven Ulreich","GER","GK","33",1988,3,2,0,0,1,0,2.4,0.18,0.4,0.13,9,26,34.6,112,21,20.5,26,18,16.7,23.4,34,2,5.9,4,1.33,17.5,"https://fbref.com/en/players/7d3e7da6/Sven-Ulreich"
2023,"Betis","La Liga","Claudio Bravo","CHI","GK","39",1983,12,9,1,0,1,0,11,0.24,2,0.17,75,225,33.3,288,42,51.7,39.6,101,75.2,52.5,213,4,1.9,6,0.5,12.1,"https://fbref.com/en/players/10072610/Claudio-Bravo"
2023,"Betis","La Liga","Rui Silva","POR","GK","28",1994,26,32,2,1,6,1,32.9,0.3,1.9,0.07,154,410,37.6,668,107,40.7,35.6,214,64.5,47.5,369,18,4.9,37,1.42,16.6,"https://fbref.com/en/players/ea83bfa6/Rui-Silva"
2023,"Bochum","Bundesliga","Manuel Riemann","GER","GK","33",1988,34,72,8,2,9,3,69,0.3,0,0,554,1175,47.1,1489,83,66.8,44.7,261,69,50.6,536,31,5.8,121,3.56,22.2,"https://fbref.com/en/players/9f941969/Manuel-Riemann"
2023,"Bologna","Serie A","Francesco Bardi","ITA","GK","30",1992,1,0,0,0,0,0,0.6,0.16,0.6,0.56,5,9,55.6,13,5,38.5,35.6,9,44.4,33.4,10,0,0,0,0,NA,"https://fbref.com/en/players/0acda699/Francesco-Bardi"
2023,"Bologna","Serie A","Łukasz Skorupski","POL","GK","31",1991,37,49,7,1,6,3,47.8,0.25,1.8,0.05,146,371,39.4,933,206,29.8,31.7,278,33.5,33,492,29,5.9,24,0.65,12.9,"https://fbref.com/en/players/ab4449d6/Lukasz-Skorupski"
2023,"Bournemouth","Premier League","Neto","BRA","GK","33",1989,26.5,39,4,0,8,1,39.7,0.26,1.7,0.06,160,437,36.6,601,136,47.4,37.8,231,65.8,44.6,510,35,6.9,25,0.94,12.1,"https://fbref.com/en/players/a9dc785c/Neto"
2023,"Bournemouth","Premier League","Mark Travers","IRL","GK","23",1999,11.5,32,2,0,8,2,24,0.34,-6,-0.52,71,154,46.1,250,54,35.6,31.9,118,55.1,43.8,229,5,2.2,5,0.43,10.5,"https://fbref.com/en/players/fe558029/Mark-Travers"
2023,"Brentford","Premier League","David Raya","ESP","GK","26",1995,38,46,2,0,9,3,48,0.24,5,0.13,347,882,39.3,1367,160,50.7,39.5,269,70.3,51.8,598,52,8.7,54,1.42,15.8,"https://fbref.com/en/players/98ea5115/David-Raya"
2023,"Brest","Ligue 1","Marco Bizot","NED","GK","31",1991,37,54,7,1,11,2,54.9,0.26,2.9,0.08,198,477,41.5,806,163,38.2,35.5,289,58.5,43.9,520,30,5.8,25,0.68,11.6,"https://fbref.com/en/players/3d214e5f/Marco-Bizot"
2023,"Brest","Ligue 1","Joaquín Blázquez","ARG","GK","21",2001,1,0,0,0,0,0,0.2,0.06,0.2,0.17,8,13,61.5,18,3,61.1,45.7,11,18.2,26.3,11,2,18.2,0,0,3.5,"https://fbref.com/en/players/6a9e4913/Joaquin-Blazquez"
2023,"Brighton","Premier League","Robert Sánchez","ESP","GK","24",1997,23,30,5,0,4,3,24.2,0.25,-2.8,-0.12,60,205,29.3,645,103,24.2,28.9,131,37.4,35.1,229,17,7.4,13,0.57,12.3,"https://fbref.com/en/players/6a713852/Robert-Sanchez"
2023,"Brighton","Premier League","Jason Steele","ENG","GK","31",1990,15,23,1,0,2,3,18.5,0.29,-1.5,-0.1,34,74,45.9,483,48,14.9,24.2,55,3.6,13.9,126,10,7.9,19,1.27,15.7,"https://fbref.com/en/players/28300a16/Jason-Steele"
2023,"Celta Vigo","La Liga","Agustín Marchesín","ARG","GK","34",1988,19,29,2,1,4,1,20.7,0.24,-7.3,-0.38,103,267,38.6,500,75,39.8,35.3,131,51.9,42.9,253,14,5.5,25,1.32,18.1,"https://fbref.com/en/players/853b7c48/Agustin-Marchesin"
2023,"Celta Vigo","La Liga","Iván Villar","ESP","GK","25",1997,19,24,3,0,6,0,22.2,0.31,-1.8,-0.09,81,239,33.9,435,96,34.7,33.8,157,56.1,44.8,256,8,3.1,14,0.74,14.2,"https://fbref.com/en/players/cde52ef5/Ivan-Villar"
2023,"Chelsea","Premier League","Kepa Arrizabalaga","ESP","GK","27",1994,28.5,33,1,1,4,3,35,0.29,5,0.18,68,213,31.9,864,151,17.1,26.3,182,35.7,31.5,332,15,4.5,52,1.82,16.9,"https://fbref.com/en/players/28d596a0/Kepa-Arrizabalaga"
2023,"Chelsea","Premier League","Edouard Mendy","SEN","GK","30",1992,9.5,14,0,0,4,0,11.9,0.33,-2.1,-0.22,27,77,35.1,226,47,22.1,27.6,63,42.9,34.4,128,9,7,11,1.16,13.7,"https://fbref.com/en/players/33887998/Edouard-Mendy"
2023,"Clermont Foot","Ligue 1","Mory Diaw","SEN","GK","29",1993,37,47,8,0,5,0,55.4,0.28,8.4,0.23,235,601,39.1,1209,173,40,37,255,45.9,40.4,464,34,7.3,25,0.68,11.5,"https://fbref.com/en/players/f41a69e6/Mory-Diaw"
2023,"Clermont Foot","Ligue 1","Ouparine Djoco","SEN","GK","24",1998,1,2,0,0,0,0,1,0.34,-1,-0.97,3,17,17.6,30,4,40,33.6,10,50,31.7,14,1,7.1,5,5,21.3,"https://fbref.com/en/players/62124972/Ouparine-Djoco"
2023,"Cremonese","Serie A","Marco Carnesecchi","ITA","GK","22",2000,27,47,2,3,7,1,44.2,0.28,-1.8,-0.07,157,523,30,745,135,52.2,41.4,203,66,53.1,402,29,7.2,29,1.07,14.1,"https://fbref.com/en/players/8ec56e62/Marco-Carnesecchi"
2023,"Cremonese","Serie A","Ionuț Radu","ROU","GK","25",1997,9,19,3,0,3,0,21,0.29,2,0.22,38,143,26.6,265,34,41.1,37.3,67,50.7,46.3,107,6,5.6,9,1,14.5,"https://fbref.com/en/players/67f649be/Ionut-Radu"
2023,"Cremonese","Serie A","Mouhamadou Sarr","SEN","GK","25",1997,2,3,0,0,1,0,2.9,0.36,-0.1,-0.05,19,38,50,71,12,40.8,35.7,12,75,53.6,18,0,0,1,0.5,8.6,"https://fbref.com/en/players/b959a0d1/Mouhamadou-Sarr"
2023,"Crystal Palace","Premier League","Vicente Guaita","ESP","GK","35",1987,27,34,2,0,4,2,32.4,0.26,0.4,0.01,115,320,35.9,635,140,34.5,32.3,206,49,37.4,410,26,6.3,26,0.96,13.1,"https://fbref.com/en/players/ab13a5aa/Vicente-Guaita"
2023,"Crystal Palace","Premier League","Sam Johnstone","ENG","GK","29",1993,9,10,2,0,4,1,10,0.24,1,0.11,30,99,30.3,233,41,31.8,31.8,46,54.3,42.8,104,2,1.9,11,1.22,15.4,"https://fbref.com/en/players/9e5708be/Sam-Johnstone"
2023,"Crystal Palace","Premier League","Joseph Whitworth","ENG","GK","18",2004,2,5,0,0,0,0,2.3,0.23,-2.7,-1.33,8,27,29.6,68,8,29.4,30.1,15,46.7,36.7,25,1,4,3,1.5,15.4,"https://fbref.com/en/players/3f847d95/Joseph-Whitworth"
2023,"Cádiz","La Liga","David Gil","ESP","GK","28",1994,4,5,1,0,1,0,6.3,0.23,1.3,0.32,34,94,36.2,93,15,64.5,46.4,36,94.4,65.1,56,2,3.6,4,1,13.6,"https://fbref.com/en/players/fea23125/David-Gil"
2023,"Cádiz","La Liga","Jeremías Ledesma","ARG","GK","29",1993,34,48,8,1,6,0,47.1,0.22,-0.9,-0.03,236,735,32.1,824,135,58.5,44.9,285,88.8,64.1,595,42,7.1,26,0.76,10.8,"https://fbref.com/en/players/6c4776b1/Jeremias-Ledesma"
2023,"Dortmund","Bundesliga","Gregor Kobel","SUI","GK","24",1997,27,32,1,0,5,1,33.8,0.29,2.8,0.1,100,252,39.7,855,122,20.9,28.9,192,38,36.5,295,15,5.1,37,1.37,17.1,"https://fbref.com/en/players/cd59b9df/Gregor-Kobel"
2023,"Dortmund","Bundesliga","Alexander Meyer","GER","GK","31",1991,7,12,0,0,2,0,7.9,0.25,-4.1,-0.58,24,60,40,278,35,16.2,27.3,44,34.1,35,91,8,8.8,18,2.57,19.8,"https://fbref.com/en/players/b56dd813/Alexander-Meyer"
2023,"Eint Frankfurt","Bundesliga","Diant Ramaj","GER","GK","20",2001,1,1,0,0,1,0,1,0.2,0,0.01,1,3,33.3,21,7,9.5,29.1,4,25,22,15,1,6.7,1,1,11.5,"https://fbref.com/en/players/b90c4a43/Diant-Ramaj"
2023,"Eint Frankfurt","Bundesliga","Kevin Trapp","GER","GK","32",1990,33,51,2,1,7,1,42.3,0.32,-7.7,-0.23,80,326,24.5,664,128,39.2,34.8,219,30.1,34.1,401,17,4.2,24,0.73,14.4,"https://fbref.com/en/players/ce17b5eb/Kevin-Trapp"
2023,"Elche","La Liga","Édgar Badía","ESP","GK","30",1992,36,63,7,0,4,2,69.5,0.31,8.5,0.24,191,422,45.3,772,166,33.8,34.2,296,54.4,41.7,574,21,3.7,20,0.56,12.7,"https://fbref.com/en/players/e4346678/Edgar-Badia"
2023,"Elche","La Liga","Axel Werner","ARG","GK","26",1996,2,4,0,0,2,0,2.4,0.31,-1.6,-0.82,4,20,20,53,9,32.1,34.9,16,18.8,33.8,26,1,3.8,1,0.5,14,"https://fbref.com/en/players/c0b1a6da/Axel-Werner"
2023,"Empoli","Serie A","Samuele Perisan","ITA","GK","24",1997,7,9,0,0,2,0,7.5,0.31,-1.5,-0.22,25,75,33.3,153,39,32,32.7,75,34.7,34.3,134,5,3.7,4,0.57,11.6,"https://fbref.com/en/players/00a17eba/Samuele-Perisan"
2023,"Empoli","Serie A","Samir Ujkani","KVX","GK","34",1988,0.1,1,0,0,0,0,0.2,0.25,-0.8,-9.69,0,0,NA,2,1,0,18.5,1,0,27,1,0,0,0,0,NA,"https://fbref.com/en/players/96640846/Samir-Ujkani"
2023,"Empoli","Serie A","Guglielmo Vicario","ITA","GK","25",1996,30.9,39,4,0,8,1,40.9,0.27,2.9,0.09,138,455,30.3,1106,151,33.5,33.8,170,50,42.9,606,34,5.6,22,0.71,11.5,"https://fbref.com/en/players/77d6fd4d/Guglielmo-Vicario"
2023,"Espanyol","La Liga","Álvaro Fernández","ESP","GK","24",1998,11,18,0,0,4,1,15.2,0.31,-1.8,-0.17,104,221,47.1,253,37,55.7,42.5,103,77.7,54.8,153,5,3.3,15,1.36,16.3,"https://fbref.com/en/players/f127d782/Alvaro-Fernandez"
2023,"Espanyol","La Liga","Joan García","ESP","GK","21",2001,1,3,1,0,0,0,1.8,0.21,-1.2,-1.16,2,6,33.3,27,4,14.8,21.7,3,66.7,47.3,16,2,12.5,1,1,13,"https://fbref.com/en/players/87b498b0/Joan-Garcia"
2023,"Espanyol","La Liga","Benjamin Lecomte","FRA","GK","31",1991,10,14,0,0,2,1,10.4,0.26,-2.6,-0.26,72,160,45,192,25,57.3,43.1,80,62.5,47,146,4,2.7,11,1.1,15.3,"https://fbref.com/en/players/2fa2a875/Benjamin-Lecomte"
2023,"Espanyol","La Liga","Fernando Pacheco","ESP","GK","30",1992,16,33,4,0,3,0,26.6,0.25,-6.4,-0.4,127,272,46.7,417,56,42.4,36.2,137,69.3,49.6,242,16,6.6,19,1.19,13.8,"https://fbref.com/en/players/97852360/Fernando-Pacheco"
2023,"Everton","Premier League","Asmir Begović","BIH","GK","35",1987,1,0,0,0,0,0,0.5,0.12,0.5,0.49,4,13,30.8,22,5,36.4,34.9,8,62.5,46.8,23,1,4.3,0,0,5,"https://fbref.com/en/players/7b4de647/Asmir-Begovic"
2023,"Everton","Premier League","Jordan Pickford","ENG","GK","28",1994,37,57,5,2,4,0,60,0.31,3,0.08,270,801,33.7,992,151,58.1,43,315,71.4,52.7,566,22,3.9,52,1.41,16.2,"https://fbref.com/en/players/4806ec67/Jordan-Pickford"
2023,"Fiorentina","Serie A","Michele Cerofolini","ITA","GK","23",1999,5,3,1,0,0,0,3.4,0.22,0.4,0.09,24,70,34.3,167,27,34.7,33.3,28,42.9,38.1,29,1,3.4,3,0.6,13.8,"https://fbref.com/en/players/efdeaff3/Michele-Cerofolini"
2023,"Fiorentina","Serie A","Pierluigi Gollini","ITA","GK","27",1995,3,2,0,0,1,0,1.7,0.21,-0.3,-0.1,13,38,34.2,115,17,27,32.4,11,63.6,49.3,24,1,4.2,0,0,9.3,"https://fbref.com/en/players/f0f7f62f/Pierluigi-Gollini"
2023,"Fiorentina","Serie A","Salvatore Sirigu","ITA","GK","35",1987,1,0,0,0,0,0,1,0.19,1,0.96,6,16,37.5,30,9,40,37.7,8,50,41.8,12,0,0,2,2,26.3,"https://fbref.com/en/players/10dc46f0/Salvatore-Sirigu"
2023,"Fiorentina","Serie A","Pietro Terracciano","ITA","GK","32",1990,29,38,6,0,3,2,33.1,0.28,-2.9,-0.1,155,375,41.3,871,113,32.7,33.2,198,45.5,40.5,271,12,4.4,55,1.9,18.4,"https://fbref.com/en/players/e1b0a70d/Pietro-Terracciano"
2023,"Freiburg","Bundesliga","Mark Flekken","NED","GK","29",1993,34,44,5,0,4,0,46.4,0.28,2.4,0.07,271,665,40.8,1231,121,40.2,37.6,231,73.6,58,434,32,7.4,43,1.26,15,"https://fbref.com/en/players/a92ab7be/Mark-Flekken"
2023,"Fulham","Premier League","Bernd Leno","GER","GK","30",1992,36,51,7,1,8,2,58,0.27,9,0.25,124,391,31.7,1153,190,26,30,242,37.6,36,464,35,7.5,46,1.28,15,"https://fbref.com/en/players/2628fd2b/Bernd-Leno"
2023,"Fulham","Premier League","Marek Rodák","SVK","GK","25",1996,2,2,0,0,0,0,2,0.51,0,0.01,16,47,34,46,3,73.9,46,15,86.7,60,26,1,3.8,2,1,14,"https://fbref.com/en/players/17acc2ed/Marek-Rodak"
2023,"Getafe","La Liga","David Soria","ESP","GK","29",1993,38,45,4,0,7,2,45.5,0.23,2.5,0.07,409,904,45.2,782,99,75.1,49.8,347,91.4,59.8,586,36,6.1,46,1.21,15,"https://fbref.com/en/players/8f8c6934/David-Soria"
2023,"Girona","La Liga","Juan Carlos","ESP","GK","34",1988,10,18,2,2,1,0,16.7,0.35,-1.3,-0.13,23,64,35.9,278,51,17.6,28.7,62,24.2,30.3,120,6,5,21,2.1,16.9,"https://fbref.com/en/players/688b96e3/Juan-Carlos"
2023,"Girona","La Liga","Paulo Gazzaniga","ARG","GK","30",1992,28,37,4,0,4,0,45.3,0.33,8.3,0.3,146,400,36.5,822,141,31.1,32.4,242,59.5,47.9,477,37,7.8,38,1.36,15.1,"https://fbref.com/en/players/63d17038/Paulo-Gazzaniga"
2023,"Hellas Verona","Serie A","Lorenzo Montipò","ITA","GK","26",1996,37,59,1,1,4,3,49.6,0.27,-6.4,-0.17,360,775,46.5,905,124,62.9,44.3,284,72.5,52.1,496,26,5.2,55,1.49,15.3,"https://fbref.com/en/players/c1d95617/Lorenzo-Montipo"
2023,"Hellas Verona","Serie A","Simone Perilli","ITA","GK","27",1995,1,0,0,0,0,0,0.8,0.19,0.8,0.75,6,30,20,21,0,81,57.3,13,100,69.8,19,1,5.3,1,1,12,"https://fbref.com/en/players/b9e11c1d/Simone-Perilli"
2023,"Hertha BSC","Bundesliga","Oliver Christensen","DEN","GK","23",1999,33,68,5,4,8,0,57.9,0.33,-10.1,-0.31,204,586,34.8,977,166,42.5,35.9,235,72.8,54.3,486,33,6.8,70,2.12,18.8,"https://fbref.com/en/players/af104654/Oliver-Christensen"
2023,"Hertha BSC","Bundesliga","Tjark Ernst","GER","GK","19",2003,1,1,0,0,0,0,2.5,0.36,1.5,1.52,5,13,38.5,22,6,27.3,31.2,13,53.8,43.1,18,0,0,0,0,3.5,"https://fbref.com/en/players/3f6c3ae0/Tjark-Ernst"
2023,"Hoffenheim","Bundesliga","Oliver Baumann","GER","GK","32",1990,34,57,2,1,11,1,50.4,0.31,-5.6,-0.16,206,525,39.2,1164,168,35.3,33.6,249,45.8,39.3,529,43,8.1,43,1.26,13.4,"https://fbref.com/en/players/47064058/Oliver-Baumann"
2023,"Inter","Serie A","Alex Cordaz","ITA","GK","39",1983,0.3,0,0,0,0,0,0.5,0.26,0.5,1.77,1,7,14.3,15,3,26.7,33.5,5,60,52,7,0,0,0,0,NA,"https://fbref.com/en/players/e66ebabb/Alex-Cordaz"
2023,"Inter","Serie A","Samir Handanović","SVN","GK","38",1984,13.7,18,1,0,1,1,15,0.27,-2,-0.14,45,87,51.7,508,71,15.6,24.7,71,11.3,25.5,149,2,1.3,10,0.73,15.4,"https://fbref.com/en/players/74419746/Samir-Handanovic"
2023,"Inter","Serie A","André Onana","CMR","GK","26",1996,24,24,2,0,5,2,19.3,0.21,-2.7,-0.11,105,270,38.9,875,115,25.5,29.6,152,30.9,35.4,283,15,5.3,10,0.42,12.5,"https://fbref.com/en/players/e9c0c1b2/Andre-Onana"
2023,"Juventus","Serie A","Mattia Perin","ITA","GK","29",1992,10.5,7,1,0,1,0,11.2,0.23,4.2,0.39,32,107,29.9,287,54,28.6,30.8,63,39.7,35.9,154,4,2.6,11,1.04,15.7,"https://fbref.com/en/players/4c62d0c8/Mattia-Perin"
2023,"Juventus","Serie A","Wojciech Szczęsny","POL","GK","32",1990,27.5,26,3,0,5,0,26,0.25,0,0,128,270,47.4,634,128,32.2,33.5,153,43.1,38.3,389,11,2.8,21,0.76,14.7,"https://fbref.com/en/players/01b8a2b2/Wojciech-Szczesny"
2023,"Köln","Bundesliga","Marvin Schwäbe","GER","GK","27",1995,34,54,4,4,4,3,42.3,0.3,-8.7,-0.26,154,404,38.1,1203,117,28.8,31.3,185,31.4,33.9,468,19,4.1,22,0.65,13.4,"https://fbref.com/en/players/87436846/Marvin-Schwabe"
2023,"Lazio","Serie A","Luís Maximiano","POR","GK","23",1999,0.1,NA,NA,NA,NA,NA,NA,NA,NA,NA,2,3,66.7,NA,1,NA,NA,NA,NA,NA,NA,NA,NA,NA,NA,19,"https://fbref.com/en/players/3318286e/Luis-Maximiano"
2023,"Lazio","Serie A","Ivan Provedel","ITA","GK","28",1994,37.9,30,1,0,5,1,31.4,0.25,2.4,0.06,158,373,42.4,1121,166,27.4,32.2,198,33.3,33.2,493,21,4.3,55,1.45,16.5,"https://fbref.com/en/players/277da414/Ivan-Provedel"
2023,"Lecce","Serie A","Wladimiro Falcone","ITA","GK","27",1995,38,46,5,2,6,3,43.2,0.24,0.2,0.01,194,721,26.9,876,143,56.8,42.1,282,79.1,53.5,534,23,4.3,42,1.11,14.1,"https://fbref.com/en/players/9f5a610b/Wladimiro-Falcone"
2023,"Leeds United","Premier League","Illan Meslier","FRA","GK","22",2000,34,67,3,1,7,1,53.6,0.32,-12.4,-0.36,106,449,23.6,794,194,39.4,33.7,242,56.2,43.5,432,34,7.9,66,1.94,15.8,"https://fbref.com/en/players/6b625ac2/Illan-Meslier"
2023,"Leeds United","Premier League","Joel Robles","ESP","GK","32",1990,4,11,2,0,0,0,10.5,0.32,-0.5,-0.12,18,71,25.4,90,20,52.2,41.1,32,75,49.4,43,2,4.7,3,0.75,11.6,"https://fbref.com/en/players/cda0b317/Joel-Robles"
2023,"Leicester City","Premier League","Daniel Iversen","DEN","GK","25",1997,12,22,2,2,2,1,18.9,0.29,-2.1,-0.18,38,194,19.6,261,49,47.1,37.2,114,62.3,46.2,203,16,7.9,6,0.5,10.3,"https://fbref.com/en/players/10d221cd/Daniel-Iversen"
2023,"Leicester City","Premier League","Danny Ward","WAL","GK","29",1993,26,46,2,2,6,4,36.5,0.29,-5.5,-0.21,94,303,31,750,154,29.7,30.4,190,42.1,35.1,355,20,5.6,42,1.62,15.9,"https://fbref.com/en/players/d3ce0e89/Danny-Ward"
2023,"Lens","Ligue 1","Jean-Louis Leca","FRA","GK","36",1985,1,1,0,0,0,0,1.6,0.4,0.6,0.6,9,14,64.3,29,5,44.8,36.8,10,10,20.4,20,1,5,0,0,8.2,"https://fbref.com/en/players/edbe46dc/Jean-Louis-Leca"
2023,"Lens","Ligue 1","Brice Samba","FRA","GK","28",1994,37,28,3,0,6,1,32.4,0.24,5.4,0.15,174,435,40,1075,140,35.5,33.3,160,33.1,32.7,384,34,8.9,41,1.11,15.4,"https://fbref.com/en/players/60d90c55/Brice-Samba"
2023,"Leverkusen","Bundesliga","Lukáš Hrádecký","FIN","GK","32",1989,33,47,7,1,5,2,41.3,0.25,-3.7,-0.11,117,373,31.4,899,148,31.3,32,202,45.5,38.7,404,27,6.7,26,0.79,14.1,"https://fbref.com/en/players/ad3389d5/Lukas-Hradecky"
2023,"Leverkusen","Bundesliga","Andrey Lunyov","RUS","GK","30",1991,1,2,0,0,0,0,1.4,0.35,-0.6,-0.61,4,10,40,41,7,24.4,30.3,3,0,15.3,6,1,16.7,1,1,13,"https://fbref.com/en/players/8a6ab963/Andrey-Lunyov"
2023,"Lille","Ligue 1","Leonardo César Jardim","BRA","GK","27",1995,6,13,2,NA,NA,NA,NA,NA,NA,NA,NA,NA,NA,NA,NA,NA,NA,NA,NA,NA,NA,NA,NA,NA,NA,NA,"https://fbref.com/en/players/f5dfc256/Leonardo-Cesar-Jardim"
2023,"Lille","Ligue 1","Lucas Chevalier","FRA","GK","20",2001,32,31,2,2,1,3,30.5,0.27,2.5,0.08,76,282,27,903,121,26.2,29.4,105,42.9,37.2,318,22,6.9,25,0.78,13.5,"https://fbref.com/en/players/b3d76d84/Lucas-Chevalier"
2023,"Liverpool","Premier League","Alisson","BRA","GK","29",1992,37,43,2,0,0,2,51.1,0.33,10.1,0.27,116,283,41,1256,210,18.4,26.9,193,26.9,31.3,397,23,5.8,89,2.41,19.8,"https://fbref.com/en/players/7a2e46a8/Alisson"
2023,"Liverpool","Premier League","Caoimhín Kelleher","IRL","GK","23",1998,1,4,0,0,0,0,2.9,0.34,-1.1,-1.06,2,2,100,22,7,9.1,24.3,2,0,20.5,3,0,0,0,0,9,"https://fbref.com/en/players/62d7ef38/Caoimhin-Kelleher"
2023,"Lorient","Ligue 1","Vito Mannone","ITA","GK","34",1988,17.9,24,1,2,2,0,25.2,0.29,1.2,0.07,56,176,31.8,471,101,25.9,29.5,112,48.2,37.5,344,12,3.5,9,0.5,10.6,"https://fbref.com/en/players/c4173f1a/Vito-Mannone"
2023,"Lorient","Ligue 1","Yvon Mvogo","SUI","GK","28",1994,20.1,29,1,0,4,1,27.1,0.27,-0.9,-0.04,86,228,37.7,473,85,34,32.1,145,46.2,36.6,381,21,5.5,7,0.35,8.5,"https://fbref.com/en/players/dc29b608/Yvon-Mvogo"
2023,"Lyon","Ligue 1","Anthony Lopes","POR","GK","31",1990,31.3,39,7,2,5,2,41.4,0.27,4.4,0.14,114,317,36,838,134,31.3,31.9,183,30.1,31.8,358,19,5.3,25,0.8,13.9,"https://fbref.com/en/players/f00de885/Anthony-Lopes"
2023,"Lyon","Ligue 1","Rémy Riou","FRA","GK","34",1987,6.7,8,4,0,0,1,8.8,0.2,1.8,0.27,12,49,24.5,178,30,22.5,28.7,47,19.1,26,78,6,7.7,10,1.5,17.2,"https://fbref.com/en/players/7f41ee30/Remy-Riou"
2023,"M'Gladbach","Bundesliga","Jan Jakob Olschowsky","GER","GK","20",2001,4,11,1,0,1,0,11.4,0.39,0.4,0.09,11,37,29.7,123,25,28.5,30.5,36,5.6,20.9,59,6,10.2,4,1,12.9,"https://fbref.com/en/players/fa4cabd1/Jan-Jakob-Olschowsky"
2023,"M'Gladbach","Bundesliga","Jonas Omlin","SUI","GK","28",1994,14.3,18,2,0,0,0,18.1,0.29,0.1,0,57,177,32.2,638,74,22.3,28.7,100,35,35.3,220,15,6.8,20,1.4,14.8,"https://fbref.com/en/players/c631f952/Jonas-Omlin"
2023,"M'Gladbach","Bundesliga","Tobias Sippel","GER","GK","34",1988,5.7,12,1,0,3,0,11.6,0.33,-0.4,-0.08,25,106,23.6,212,23,33.5,32.7,48,72.9,53.1,88,2,2.3,4,0.71,13.1,"https://fbref.com/en/players/0d8a37c2/Tobias-Sippel"
2023,"M'Gladbach","Bundesliga","Yann Sommer","SUI","GK","33",1988,10,14,2,1,0,1,16.7,0.25,3.7,0.37,48,141,34,517,52,23,28.2,90,24.4,28.6,162,5,3.1,13,1.3,14.6,"https://fbref.com/en/players/420c18a1/Yann-Sommer"
2023,"Mainz 05","Bundesliga","Finn Dahmen","GER","GK","24",1998,8,16,1,0,3,0,13.5,0.25,-2.5,-0.32,48,139,34.5,226,38,42.9,36.6,54,77.8,54.5,158,17,10.8,8,1,13.8,"https://fbref.com/en/players/dee3013b/Finn-Dahmen"
2023,"Mainz 05","Bundesliga","Robin Zentner","GER","GK","27",1994,26,39,3,1,2,0,35.4,0.3,-3.6,-0.14,160,474,33.8,672,146,50,40,194,71.1,54.1,321,43,13.4,53,2.04,17.4,"https://fbref.com/en/players/5c4bf6ba/Robin-Zentner"
2023,"Mallorca","La Liga","Dominik Greif","SVK","GK","25",1997,1,3,0,0,0,0,2.2,0.28,-0.8,-0.76,19,34,55.9,23,2,87,54.9,15,93.3,64.5,19,2,10.5,0,0,4,"https://fbref.com/en/players/30061f53/Dominik-Greif"
2023,"Mallorca","La Liga","Predrag Rajković","SRB","GK","26",1995,36,40,6,0,3,0,39.2,0.25,-0.8,-0.02,323,786,41.1,899,125,61.8,45.4,309,74.4,54,608,32,5.3,19,0.53,11.7,"https://fbref.com/en/players/58ad9383/Predrag-Rajkovic"
2023,"Mallorca","La Liga","Leonardo Román","ESP","GK","22",2000,1,0,0,0,0,0,0.1,0.03,0.1,0.11,9,21,42.9,30,3,40,35.2,12,75,48.8,30,1,3.3,2,2,17.4,"https://fbref.com/en/players/924ff27e/Leonardo-Roman"
2023,"Manchester City","Premier League","Ederson","BRA","GK","28",1993,35,32,3,1,4,1,26.2,0.3,-4.8,-0.14,117,263,44.5,1104,147,19.6,28,152,30.9,32.3,286,19,6.6,33,0.94,15.7,"https://fbref.com/en/players/3bb7b8b4/Ederson"
2023,"Manchester City","Premier League","Stefan Ortega","GER","GK","29",1992,3,1,0,0,0,0,4.1,0.27,3.1,1.02,11,24,45.8,155,16,14.8,23.9,12,8.3,20.3,26,1,3.8,7,2.33,21.1,"https://fbref.com/en/players/c1242d4e/Stefan-Ortega"
2023,"Manchester Utd","Premier League","David de Gea","ESP","GK","31",1990,38,43,2,2,6,1,41.3,0.27,-0.7,-0.02,141,449,31.4,1032,128,32.6,32.3,179,63.1,47.1,526,15,2.9,32,0.84,14.8,"https://fbref.com/en/players/7ba6d84e/David-de-Gea"
2023,"Marseille","Ligue 1","Rubén Blanco","ESP","GK","27",1995,5.5,6,0,0,1,2,3.9,0.2,-0.1,-0.02,11,47,23.4,165,31,20.6,27.4,41,31.7,32.1,73,3,4.1,7,1.27,17.9,"https://fbref.com/en/players/967f34d3/Ruben-Blanco"
2023,"Marseille","Ligue 1","Pau López","ESP","GK","27",1994,32.5,34,5,0,6,1,33.8,0.24,0.8,0.02,112,324,34.6,941,132,25.1,31,172,51.2,40.4,370,22,5.9,37,1.14,15.4,"https://fbref.com/en/players/20b9f052/Pau-Lopez"
2023,"Milan","Serie A","Mike Maignan","FRA","GK","27",1995,22,21,2,1,2,0,20.3,0.28,-0.7,-0.03,76,193,39.4,725,119,22.8,29.8,85,32.9,35.1,221,15,6.8,32,1.46,17.8,"https://fbref.com/en/players/fcb38f57/Mike-Maignan"
2023,"Milan","Serie A","Antonio Mirante","ITA","GK","39",1983,0,0,0,0,0,0,0,NA,0,0,0,0,NA,3,0,0,27,1,0,15,0,0,NA,0,0,NA,"https://fbref.com/en/players/30223b33/Antonio-Mirante"
2023,"Milan","Serie A","Ciprian Tătărușanu","ROU","GK","36",1986,16,22,2,2,4,1,16.8,0.25,-4.2,-0.26,94,195,48.2,473,75,32.1,32.9,83,51.8,41.8,195,9,4.6,13,0.81,14.4,"https://fbref.com/en/players/b056e3da/Ciprian-Tatarusanu"
2023,"Monaco","Ligue 1","Alexander Nübel","GER","GK","25",1996,38,58,5,1,4,3,49.5,0.24,-5.5,-0.14,189,445,42.5,875,203,32.2,32.8,266,61.3,45.6,454,36,7.9,33,0.87,12.7,"https://fbref.com/en/players/afb0c500/Alexander-Nubel"
2023,"Montpellier","Ligue 1","Matis Carvalho","POR","GK","23",1999,1.5,3,0,0,0,0,1.9,0.24,-1.1,-0.7,14,43,32.6,38,4,78.9,49.4,14,92.9,61.4,38,2,5.3,0,0,8.3,"https://fbref.com/en/players/8608f269/Matis-Carvalho"
2023,"Montpellier","Ligue 1","Bingourou Kamara","SEN","GK","25",1996,4.5,11,1,0,2,0,9.1,0.29,-1.9,-0.41,18,57,31.6,95,19,42.1,35.4,35,48.6,39.9,52,3,5.8,2,0.44,11.2,"https://fbref.com/en/players/3814120d/Bingourou-Kamara"
2023,"Montpellier","Ligue 1","Benjamin Lecomte","FRA","GK","31",1991,19,22,2,0,2,0,29.5,0.29,7.5,0.4,116,322,36,475,72,46.9,37.8,165,60,44.2,273,15,5.5,13,0.68,10.8,"https://fbref.com/en/players/2fa2a875/Benjamin-Lecomte"
2023,"Montpellier","Ligue 1","Jonas Omlin","SUI","GK","28",1994,13,26,3,0,2,2,24.1,0.28,0.1,0,53,161,32.9,330,77,32.1,31.7,85,64.7,47.3,209,14,6.7,12,0.93,12,"https://fbref.com/en/players/c631f952/Jonas-Omlin"
2023,"Monza","Serie A","Alessio Cragno","ITA","GK","28",1994,1,3,0,0,0,0,1.7,0.35,-1.3,-1.33,2,4,50,25,4,12,22.6,6,16.7,33.3,7,0,0,2,2,25.7,"https://fbref.com/en/players/f554e29b/Alessio-Cragno"
2023,"Monza","Serie A","Michele Di Gregorio","ITA","GK","25",1997,37,49,3,1,4,1,48.7,0.28,0.7,0.02,166,476,34.9,1265,236,30.4,32.2,247,37.2,34.9,541,14,2.6,32,0.86,13.4,"https://fbref.com/en/players/4e0c8d66/Michele-Di-Gregorio"
2023,"Nantes","Ligue 1","Rémy Descamps","FRA","GK","26",1996,1,1,0,0,0,0,1.5,0.25,0.5,0.48,5,9,55.6,20,9,25,33.2,6,66.7,46.5,11,1,9.1,0,0,7,"https://fbref.com/en/players/477e50ce/Remy-Descamps"
2023,"Nantes","Ligue 1","Alban Lafont","FRA","GK","23",1999,37,54,9,1,6,4,54.8,0.26,4.8,0.13,189,516,36.6,942,202,37.2,35.5,247,67.2,49.3,493,42,8.5,39,1.05,12.3,"https://fbref.com/en/players/4e7db402/Alban-Lafont"
2023,"Napoli","Serie A","Pierluigi Gollini","ITA","GK","27",1995,4,4,0,0,1,0,3.1,0.19,-0.9,-0.23,15,36,41.7,128,24,20.3,29.6,31,32.3,32.2,56,2,3.6,4,1,18.8,"https://fbref.com/en/players/f0f7f62f/Pierluigi-Gollini"
2023,"Napoli","Serie A","Alex Meret","ITA","GK","25",1997,34,24,1,0,1,0,25,0.25,1,0.03,56,145,38.6,733,121,14.3,26.1,198,20.2,26.9,335,11,3.3,39,1.15,17,"https://fbref.com/en/players/9413b19f/Alex-Meret"
2023,"Newcastle Utd","Premier League","Martin Dúbravka","SVK","GK","33",1989,1.7,1,0,0,0,1,1.9,0.21,1.9,1.07,6,10,60,39,14,10.3,20.7,15,40,35.3,30,1,3.3,0,0,12.4,"https://fbref.com/en/players/3a949a25/Martin-Dubravka"
2023,"Newcastle Utd","Premier League","Nick Pope","ENG","GK","30",1992,36.2,32,2,0,8,1,31.3,0.24,0.3,0.01,120,368,32.6,683,232,33.1,33,207,68.6,50.7,411,34,8.3,74,2.04,18.2,"https://fbref.com/en/players/4b40d9ca/Nick-Pope"
2023,"Nice","Ligue 1","Marcin Bułka","POL","GK","22",1999,2,2,0,0,0,0,3.1,0.52,1.1,0.56,8,20,40,49,11,20.4,28.1,18,55.6,44.2,26,2,7.7,3,1.5,13.8,"https://fbref.com/en/players/db87a2c4/Marcin-Bulka"
2023,"Nice","Ligue 1","Kasper Schmeichel","DEN","GK","35",1986,36,35,3,2,5,0,35.9,0.23,0.9,0.02,170,388,43.8,909,119,30.7,32.7,278,39.2,35.7,455,24,5.3,23,0.64,12.9,"https://fbref.com/en/players/53af52f3/Kasper-Schmeichel"
2023,"Nott'ham Forest","Premier League","Dean Henderson","ENG","GK","25",1997,18,31,2,1,5,0,26.9,0.28,-4.1,-0.23,108,334,32.3,513,107,47.2,38.5,156,59,45.3,291,20,6.9,27,1.5,15.6,"https://fbref.com/en/players/e5a76dfe/Dean-Henderson"
2023,"Nott'ham Forest","Premier League","Wayne Hennessey","WAL","GK","35",1987,3,5,0,0,1,0,3.9,0.28,-1.1,-0.36,23,58,39.7,72,13,54.2,43.2,25,76,54.5,35,1,2.9,2,0.66,17,"https://fbref.com/en/players/76eca7e2/Wayne-Hennessey"
2023,"Nott'ham Forest","Premier League","Keylor Navas","CRC","GK","35",1986,17,32,4,1,3,0,29.3,0.32,-2.7,-0.16,106,320,33.1,378,65,56.3,41.3,151,70.9,48.1,295,14,4.7,9,0.53,9.2,"https://fbref.com/en/players/ecada4fc/Keylor-Navas"
2023,"Osasuna","La Liga","Aitor Fernández","ESP","GK","31",1991,21,19,0,0,0,1,17.7,0.24,-0.3,-0.01,191,438,43.6,615,87,50.9,41.1,174,71.8,54.2,319,14,4.4,37,1.76,16.3,"https://fbref.com/en/players/a01c3d54/Aitor-Fernandez"
2023,"Osasuna","La Liga","Sergio Herrera","ESP","GK","29",1993,17,23,1,1,3,1,21.4,0.28,-0.6,-0.04,151,351,43,475,58,56,42.7,135,63,48.3,215,16,7.4,20,1.18,18.5,"https://fbref.com/en/players/a4995f48/Sergio-Herrera"
2023,"Paris S-G","Ligue 1","Gianluigi Donnarumma","ITA","GK","23",1999,37.9,40,2,1,3,1,43.3,0.26,4.3,0.11,54,148,36.5,728,167,15,23.9,207,18.8,24.1,436,33,7.6,27,0.71,12.1,"https://fbref.com/en/players/08f5afaa/Gianluigi-Donnarumma"
2023,"Paris S-G","Ligue 1","Alexandre Letellier","FRA","GK","31",1990,0.1,0,0,0,0,0,0,NA,0,0,0,0,NA,3,0,0,19,1,0,11,1,0,0,0,0,NA,"https://fbref.com/en/players/96fcd380/Alexandre-Letellier"
2023,"RB Leipzig","Bundesliga","Janis Blaswich","GER","GK","31",1991,26,29,6,0,2,0,26.9,0.27,-2.1,-0.08,59,189,31.2,985,126,14.9,25.3,156,26.9,30,288,20,6.9,39,1.5,17,"https://fbref.com/en/players/663e080e/Janis-Blaswich"
2023,"RB Leipzig","Bundesliga","Péter Gulácsi","HUN","GK","32",1990,6,10,1,0,2,1,10.1,0.37,1.1,0.19,11,37,29.7,179,37,15.6,26.4,36,25,29.6,61,3,4.9,10,1.67,19.4,"https://fbref.com/en/players/bcb2ccd8/Peter-Gulacsi"
2023,"RB Leipzig","Bundesliga","Ørjan Nyland","NOR","GK","31",1990,2,2,0,0,1,1,1.8,0.36,0.8,0.39,11,33,33.3,83,9,32.5,33.6,15,40,36.7,28,0,0,0,0,12.5,"https://fbref.com/en/players/bdedffac/Orjan-Nyland"
2023,"Rayo Vallecano","La Liga","Stole Dimitrievski","MKD","GK","28",1993,36.9,49,4,0,9,4,44.2,0.3,-0.8,-0.02,152,537,28.3,816,199,45,38.6,299,56.9,46.7,500,24,4.8,52,1.41,16.1,"https://fbref.com/en/players/fc70e345/Stole-Dimitrievski"
2023,"Rayo Vallecano","La Liga","Diego López","ESP","GK","40",1981,1.1,4,0,0,2,0,1.7,0.33,-2.3,-2.19,2,8,25,21,5,28.6,30.3,8,25,35.3,12,0,0,2,1.88,17,"https://fbref.com/en/players/73683fa9/Diego-Lopez"
2023,"Real Madrid","La Liga","Thibaut Courtois","BEL","GK","30",1992,31,29,4,0,1,0,29.7,0.22,0.7,0.02,83,214,38.8,982,194,18.4,27.7,152,21.7,29.5,366,32,8.7,40,1.29,15.4,"https://fbref.com/en/players/1840e36d/Thibaut-Courtois"
2023,"Real Madrid","La Liga","Andriy Lunin","UKR","GK","23",1999,7,7,0,0,1,1,4.5,0.25,-1.5,-0.21,14,27,51.9,190,36,7.9,23.3,37,32.4,35.6,54,1,1.9,11,1.57,21.7,"https://fbref.com/en/players/3061e1ec/Andriy-Lunin"
2023,"Real Sociedad","La Liga","Álex Remiro","ESP","GK","27",1995,38,35,1,1,3,2,32.8,0.24,-0.2,0,244,572,42.7,1090,138,39.8,35.9,216,63.9,51.3,453,18,4,47,1.24,15.9,"https://fbref.com/en/players/374ee424/Alex-Remiro"
2023,"Reims","Ligue 1","Yehvann Diouf","FRA","GK","22",1999,31,31,1,2,2,1,37,0.27,7,0.22,136,308,44.2,874,191,28.3,31.8,185,33,34.3,430,40,9.3,35,1.13,12.7,"https://fbref.com/en/players/eedea60b/Yehvann-Diouf"
2023,"Reims","Ligue 1","Patrick Pentz","AUT","GK","25",1997,7,14,2,0,2,1,11.9,0.34,-1.1,-0.16,29,94,30.9,152,25,44.7,36.3,59,44.1,38.7,103,8,7.8,4,0.57,12.2,"https://fbref.com/en/players/0810b6df/Patrick-Pentz"
2023,"Rennes","Ligue 1","Doğan Alemdar","TUR","GK","19",2002,4.5,8,1,0,2,0,6.5,0.29,-1.5,-0.32,23,67,34.3,109,14,38.5,33,35,71.4,51.4,75,5,6.7,5,1.11,14.8,"https://fbref.com/en/players/9e17ccff/Dogan-Alemdar"
2023,"Rennes","Ligue 1","Steve Mandanda","FRA","GK","37",1985,33.5,31,2,0,5,1,32.4,0.28,2.4,0.07,163,420,38.8,1022,166,30.6,31.5,192,55.7,41.5,382,35,9.2,51,1.52,16.7,"https://fbref.com/en/players/1d2d5cc8/Steve-Mandanda"
2023,"Roma","Serie A","Rui Patrício","POR","GK","34",1988,35,35,2,1,4,1,27.6,0.23,-6.4,-0.18,135,328,41.2,644,121,37.6,33.6,240,35.8,34.8,402,16,4,25,0.71,13.8,"https://fbref.com/en/players/79b0d6a0/Rui-Patricio"
2023,"Roma","Serie A","Mile Svilar","SRB","GK","22",1999,3,3,0,0,0,0,2.9,0.29,-0.1,-0.03,16,44,36.4,61,13,50.8,41.4,16,81.3,60.1,42,6,14.3,4,1.33,12.1,"https://fbref.com/en/players/bcf5058a/Mile-Svilar"
2023,"Salernitana","Serie A","Vincenzo Fiorillo","ITA","GK","32",1990,1,2,0,0,0,0,1.9,0.49,-0.1,-0.05,7,15,46.7,19,3,57.9,37.9,5,80,56.2,7,1,14.3,0,0,6,"https://fbref.com/en/players/a2565f79/Vincenzo-Fiorillo"
2023,"Salernitana","Serie A","Guillermo Ochoa","MEX","GK","37",1985,20,33,3,1,6,0,34.8,0.3,1.8,0.09,135,430,31.4,556,45,53.6,40.9,200,66,47.3,311,11,3.5,10,0.5,12.3,"https://fbref.com/en/players/1e9bde92/Guillermo-Ochoa"
2023,"Salernitana","Serie A","Luigi Sepe","ITA","GK","31",1991,17,27,4,0,0,0,30.3,0.27,3.3,0.2,76,274,27.7,490,84,40.6,35.9,154,48.7,41.1,222,16,7.2,13,0.76,14.2,"https://fbref.com/en/players/343f753a/Luigi-Sepe"
2023,"Sampdoria","Serie A","Emil Audero","ITA","GK","25",1997,25,39,5,0,4,2,32.3,0.21,-4.7,-0.19,159,441,36.1,714,104,45.8,39.1,200,57,44.2,356,24,6.7,23,0.92,13.9,"https://fbref.com/en/players/649b01d8/Emil-Audero"
2023,"Sampdoria","Serie A","Nicola Ravaglia","ITA","GK","33",1988,9,23,2,0,3,0,17.9,0.26,-5.1,-0.57,49,145,33.8,226,45,42.5,35.6,99,49.5,37.6,155,10,6.5,1,0.11,10.5,"https://fbref.com/en/players/d7a35008/Nicola-Ravaglia"
2023,"Sampdoria","Serie A","Martin Turk","SVN","GK","18",2003,4,9,1,0,3,0,8,0.26,-1,-0.25,35,78,44.9,99,15,41.4,35.1,43,86,56.3,60,0,0,2,0.5,12.3,"https://fbref.com/en/players/14ae023f/Martin-Turk"
2023,"Sassuolo","Serie A","Andrea Consigli","ITA","GK","35",1987,35,55,3,0,5,2,38.5,0.31,-14.5,-0.41,176,436,40.4,1140,187,30.4,33.3,285,31.2,32.5,467,28,6,28,0.8,14.2,"https://fbref.com/en/players/8cabdc1e/Andrea-Consigli"
2023,"Sassuolo","Serie A","Gianluca Pegolo","ITA","GK","41",1981,2,3,1,0,0,0,3.2,0.38,0.2,0.12,9,18,50,61,10,21.3,29.7,16,31.3,28.3,28,2,7.1,0,0,9,"https://fbref.com/en/players/f058ed1f/Gianluca-Pegolo"
2023,"Sassuolo","Serie A","Alessandro Russo","ITA","GK","21",2001,1,3,0,0,0,0,2.8,0.4,-0.2,-0.22,0,12,0,42,2,28.6,30.7,8,0,18.3,14,0,0,0,0,10,"https://fbref.com/en/players/3945ac70/Alessandro-Russo"
2023,"Schalke 04","Bundesliga","Ralf Fährmann","GER","GK","33",1988,11.4,13,1,0,1,1,12.4,0.21,0.4,0.04,99,217,45.6,358,50,45,36.8,83,67.5,48.9,162,11,6.8,9,0.79,11.6,"https://fbref.com/en/players/1e43fad8/Ralf-Fahrmann"
2023,"Schalke 04","Bundesliga","Alexander Schwolow","GER","GK","30",1992,22.6,58,4,1,6,0,45.8,0.31,-12.2,-0.54,180,441,40.8,676,79,46.4,38.4,174,73,55.2,321,7,2.2,23,1.02,15,"https://fbref.com/en/players/0d55d942/Alexander-Schwolow"
2023,"Sevilla","La Liga","Yassine Bounou","MAR","GK","31",1991,23.9,41,2,1,3,2,37.3,0.34,-1.7,-0.07,115,303,38,785,92,27.9,30.9,162,51.9,42.1,308,20,6.5,39,1.63,17.4,"https://fbref.com/en/players/f6798fc3/Yassine-Bounou"
2023,"Sevilla","La Liga","Marko Dmitrović","SRB","GK","30",1992,14.1,13,0,0,2,1,12.2,0.23,0.2,0.02,103,326,31.6,372,44,58.1,44,131,84,62.4,216,12,5.6,10,0.71,12.2,"https://fbref.com/en/players/ac295d9e/Marko-Dmitrovic"
2023,"Southampton","Premier League","Gavin Bazunu","IRL","GK","20",2002,32,56,1,1,7,4,35.4,0.28,-16.6,-0.52,212,629,33.7,935,144,50.2,38.1,237,67.5,50,456,36,7.9,48,1.5,15.1,"https://fbref.com/en/players/c91441dc/Gavin-Bazunu"
2023,"Southampton","Premier League","Alex McCarthy","ENG","GK","32",1989,6,17,1,0,1,1,10.9,0.34,-5.1,-0.84,22,113,19.5,194,29,48.5,36.5,52,36.5,31,92,6,6.5,7,1.17,13.5,"https://fbref.com/en/players/36c2ca73/Alex-McCarthy"
2023,"Spezia","Serie A","Bartłomiej Drągowski","POL","GK","24",1997,32.7,54,4,1,7,3,46.1,0.25,-4.9,-0.15,151,482,31.3,975,159,37.6,34.6,196,58.7,46.5,472,13,2.8,32,0.98,14.1,"https://fbref.com/en/players/085e71a7/Bartlomiej-Dragowski"
2023,"Spezia","Serie A","Federico Marchetti","ITA","GK","39",1983,0.7,2,0,0,0,0,1.5,0.48,-0.5,-0.74,2,4,50,10,2,10,24.3,8,37.5,32.4,8,0,0,1,1.36,22,"https://fbref.com/en/players/f794b426/Federico-Marchetti"
2023,"Spezia","Serie A","Jeroen Zoet","NED","GK","31",1991,3.7,4,1,0,1,0,2.8,0.14,-1.2,-0.31,25,78,32.1,110,13,54.5,39,23,78.3,58.4,62,4,6.5,6,1.61,14.7,"https://fbref.com/en/players/cc1a0c57/Jeroen-Zoet"
2023,"Spezia","Serie A","Petar Zovko","BIH","GK","20",2002,0.8,2,0,0,0,0,1.7,0.55,-0.3,-0.42,7,21,33.3,23,3,47.8,35.1,13,76.9,51.1,24,1,4.2,2,2.47,17,"https://fbref.com/en/players/54f6afe3/Petar-Zovko"
2023,"Strasbourg","Ligue 1","Matz Sels","BEL","GK","30",1992,38,59,10,1,6,0,56.5,0.27,-2.5,-0.06,159,455,34.9,775,130,44.8,36.9,196,55.1,43.9,504,31,6.2,32,0.84,12.8,"https://fbref.com/en/players/834b5c4c/Matz-Sels"
2023,"Stuttgart","Bundesliga","Fabian Bredlow","GER","GK","27",1995,15,23,5,0,3,1,20.1,0.26,-1.9,-0.13,55,129,42.6,503,86,20.3,27.6,91,29.7,33.5,203,12,5.9,15,1,15.2,"https://fbref.com/en/players/d28339cb/Fabian-Bredlow"
2023,"Stuttgart","Bundesliga","Florian Müller","GER","GK","24",1997,19,34,1,2,3,0,27.2,0.3,-6.8,-0.36,98,212,46.2,599,98,26.9,29.2,133,38.3,36.6,260,6,2.3,28,1.47,18.9,"https://fbref.com/en/players/cbac6ec9/Florian-Muller"
2023,"Torino","Serie A","Vanja Milinković-Savić","SRB","GK","25",1997,38,41,5,0,6,0,35.8,0.23,-5.2,-0.14,285,939,30.4,1506,185,45,39.7,286,91.3,70,469,36,7.7,70,1.84,16.2,"https://fbref.com/en/players/9fa26bc2/Vanja-Milinkovic-Savic"
2023,"Tottenham","Premier League","Fraser Forster","ENG","GK","34",1988,13.5,24,2,1,4,0,21.3,0.34,-2.7,-0.2,36,124,29,269,71,29,30.2,93,49.5,37.6,193,5,2.6,16,1.19,15.2,"https://fbref.com/en/players/c3e39f12/Fraser-Forster"
2023,"Tottenham","Premier League","Hugo Lloris","FRA","GK","35",1986,24.5,39,1,0,3,1,33.9,0.29,-4.1,-0.17,77,218,35.3,539,109,31.7,31.4,186,25.3,25.8,322,20,6.2,29,1.18,13.8,"https://fbref.com/en/players/8f62b6ee/Hugo-Lloris"
2023,"Toulouse","Ligue 1","Maxime Dupé","FRA","GK","29",1993,38,57,4,2,8,3,54.2,0.28,0.2,0.01,136,363,37.5,1006,176,24.4,29.5,264,44.7,37.2,517,30,5.8,21,0.55,10.1,"https://fbref.com/en/players/0e12089d/Maxime-Dupe"
2023,"Troyes","Ligue 1","Gauthier Gallon","FRA","GK","29",1993,29.6,65,5,0,8,2,54.9,0.29,-8.1,-0.27,107,391,27.4,707,144,35.2,33.2,241,58.9,44.4,496,33,6.7,9,0.3,8.8,"https://fbref.com/en/players/db3164e1/Gauthier-Gallon"
2023,"Troyes","Ligue 1","Mateusz Lis","POL","GK","25",1997,8.3,16,2,0,2,0,16.4,0.28,0.4,0.05,39,127,30.7,235,41,38.7,35.2,78,46.2,37.4,154,12,7.8,13,1.56,14.4,"https://fbref.com/en/players/fd78b105/Mateusz-Lis"
2023,"Udinese","Serie A","Marco Silvestri","ITA","GK","31",1991,38,48,6,2,3,2,48.7,0.31,2.7,0.07,144,380,37.9,872,142,31.9,32,302,33.8,34.1,547,13,2.4,21,0.55,12.2,"https://fbref.com/en/players/0d422df7/Marco-Silvestri"
2023,"Union Berlin","Bundesliga","Lennart Grill","GER","GK","23",1999,5,11,2,0,1,0,9,0.28,-2,-0.41,48,108,44.4,197,28,48.2,37.1,17,76.5,55.2,47,8,17,7,1.4,15.1,"https://fbref.com/en/players/37998008/Lennart-Grill"
2023,"Union Berlin","Bundesliga","Frederik Rønnow","DEN","GK","29",1992,29,27,5,0,5,0,35.2,0.26,8.2,0.28,240,605,39.7,1115,109,44.6,36.5,163,66.3,49.4,434,43,9.9,29,1,13.5,"https://fbref.com/en/players/a70b8345/Frederik-Ronnow"
2023,"Valencia","La Liga","Giorgi Mamardashvili","GEO","GK","21",2000,38,45,2,0,7,2,42.9,0.28,-0.1,0,177,522,33.9,843,142,40.8,35.1,239,74.5,54.2,457,35,7.7,47,1.24,16.3,"https://fbref.com/en/players/d4b73232/Giorgi-Mamardashvili"
2023,"Valladolid","La Liga","Álvaro Aceves","ESP","GK","19",2003,0.1,0,0,0,0,0,0.1,0.04,0.1,0.9,1,2,50,7,3,28.6,25.7,1,0,24,1,0,0,2,13.85,33,"https://fbref.com/en/players/be6faae0/Alvaro-Aceves"
2023,"Valladolid","La Liga","Sergio Asenjo","ESP","GK","33",1989,10,21,1,1,0,0,16.8,0.31,-4.2,-0.42,58,162,35.8,260,46,38.8,35.8,92,66.3,51.2,166,5,3,17,1.7,16.1,"https://fbref.com/en/players/9f0ea33f/Sergio-Asenjo"
2023,"Valladolid","La Liga","Jordi Masip","ESP","GK","33",1989,27.9,42,5,0,0,1,45.8,0.27,4.8,0.17,133,389,34.2,722,121,36.8,35.9,239,51.5,41.9,396,15,3.8,14,0.5,12.7,"https://fbref.com/en/players/8fae77ea/Jordi-Masip"
2023,"Villarreal","La Liga","Filip Jørgensen","DEN","GK","20",2002,2,3,0,0,0,0,2.3,0.39,-0.7,-0.34,0,4,0,44,9,9.1,22.8,11,0,17.5,18,2,11.1,4,2,13.3,"https://fbref.com/en/players/0107757e/Filip-Jorgensen"
2023,"Villarreal","La Liga","Pepe Reina","ESP","GK","39",1982,22,27,4,0,3,1,28.9,0.29,2.9,0.13,64,207,30.9,736,112,22.1,28.8,118,37.3,35.7,315,15,4.8,20,0.91,14.6,"https://fbref.com/en/players/e358587b/Pepe-Reina"
2023,"Villarreal","La Liga","Gerónimo Rulli","ARG","GK","30",1992,14,10,0,0,1,0,12.5,0.23,2.5,0.18,50,119,42,451,70,19.3,28.8,92,34.8,37.9,215,20,9.3,21,1.5,15.5,"https://fbref.com/en/players/625c144a/Geronimo-Rulli"
2023,"Werder Bremen","Bundesliga","Jiří Pavlenka","CZE","GK","30",1992,32.3,61,2,0,5,2,51.9,0.29,-7.1,-0.22,198,497,39.8,893,152,40.1,36.3,279,49.8,42.9,481,22,4.6,38,1.18,14.9,"https://fbref.com/en/players/0a1cb833/Jiri-Pavlenka"
2023,"Werder Bremen","Bundesliga","Michael Zetterer","GER","GK","27",1995,1.7,3,0,0,1,0,3.2,0.24,0.2,0.11,16,33,48.5,49,13,51,41.6,12,66.7,50.3,15,3,20,4,2.37,16.5,"https://fbref.com/en/players/9b688ae1/Michael-Zetterer"
2023,"West Ham","Premier League","Alphonse Areola","FRA","GK","29",1993,3.4,7,2,0,1,0,7.3,0.33,0.3,0.09,14,37,37.8,61,14,39.3,33.4,30,43.3,33,47,2,4.3,1,0.29,10.3,"https://fbref.com/en/players/2f965a72/Alphonse-Areola"
2023,"West Ham","Premier League","Łukasz Fabiański","POL","GK","37",1985,34.6,48,2,0,3,1,45.9,0.28,-1.1,-0.03,198,516,38.4,677,153,54.2,39.3,249,59.8,44.8,512,29,5.7,25,0.72,13,"https://fbref.com/en/players/9328b835/Lukasz-Fabianski"
2023,"Wolfsburg","Bundesliga","Koen Casteels","BEL","GK","30",1992,34,48,4,0,5,3,43.9,0.27,-1.1,-0.03,257,588,43.7,1326,183,33.3,33.7,258,57,47.5,489,29,5.9,51,1.5,16.5,"https://fbref.com/en/players/db401046/Koen-Casteels"
2023,"Wolves","Premier League","Daniel Bentley","ENG","GK","29",1993,2,3,0,0,0,0,3.9,0.3,0.9,0.44,10,29,34.5,57,14,38.6,32.9,23,30.4,32.2,37,5,13.5,1,0.5,8.3,"https://fbref.com/en/players/68db6358/Daniel-Bentley"
2023,"Wolves","Premier League","José Sá","POR","GK","29",1993,36,55,2,0,6,1,48.4,0.28,-5.6,-0.16,120,435,27.6,935,182,29.3,30.9,260,61.9,46.2,540,43,8,28,0.78,12.6,"https://fbref.com/en/players/903b6e8b/Jose-Sa"
