"Season_End_Year","Squad","Comp","Team_or_Opponent","Num_Players","Age","Poss","MP_Playing","Starts_Playing","Min_Playing","Mins_Per_90_Playing","Gls","Ast","G+A","G_minus_PK","PK","PKatt","CrdY","CrdR","xG_Expected","npxG_Expected","xAG_Expected","npxG+xAG_Expected","PrgC_Progression","PrgP_Progression","Gls_Per","Ast_Per","G+A_Per","G_minus_PK_Per","G+A_minus_PK_Per","xG_Per","xAG_Per","xG+xAG_Per","npxG_Per","npxG+xAG_Per","Url"
2023,"Ajaccio","Ligue 1","team",36,29.1,43.2,38,418,3420,38,22,12,34,16,6,9,86,10,36.1,29.4,22.7,52.1,487,1169,0.58,0.32,0.89,0.42,0.74,0.95,0.6,1.55,0.77,1.37,"https://fbref.com/en/squads/7a54bb4f/Ajaccio-Stats"
2023,"Ajaccio","Ligue 1","opponent",36,26.1,56.8,38,418,3420,38,72,49,121,63,9,10,69,8,53.9,46.2,35,81.2,636,1696,1.89,1.29,3.18,1.66,2.95,1.42,0.92,2.34,1.22,2.14,"https://fbref.com/en/squads/7a54bb4f/Ajaccio-Stats"
2023,"Almería","La Liga","team",29,26.4,45.1,38,418,3420,38,49,33,82,47,2,3,98,4,45.5,43.2,32.5,75.6,569,1090,1.29,0.87,2.16,1.24,2.11,1.2,0.85,2.05,1.14,1.99,"https://fbref.com/en/squads/78ecf4bb/Almeria-Stats"
2023,"Almería","La Liga","opponent",29,27.6,54.9,38,418,3420,38,64,49,113,60,4,6,93,5,62.5,57.8,49.5,107.4,860,1706,1.68,1.29,2.97,1.58,2.87,1.65,1.3,2.95,1.52,2.83,"https://fbref.com/en/squads/78ecf4bb/Almeria-Stats"
2023,"Angers","Ligue 1","team",33,25.7,46.9,38,418,3420,38,31,18,49,27,4,4,69,5,40.9,37.8,28,65.7,632,1393,0.82,0.47,1.29,0.71,1.18,1.08,0.74,1.81,0.99,1.73,"https://fbref.com/en/squads/69236f98/Angers-Stats"
2023,"Angers","Ligue 1","opponent",33,26.5,53.1,38,418,3420,38,77,57,134,68,9,11,59,6,61.7,53.2,42.2,95.5,725,1600,2.03,1.5,3.53,1.79,3.29,1.62,1.11,2.74,1.4,2.51,"https://fbref.com/en/squads/69236f98/Angers-Stats"
2023,"Arsenal","Premier League","team",26,24.7,59.3,38,418,3420,38,84,64,148,81,3,4,51,0,71.9,69.1,53.8,122.9,824,2049,2.21,1.68,3.89,2.13,3.82,1.89,1.41,3.31,1.82,3.23,"https://fbref.com/en/squads/18bb7c10/Arsenal-Stats"
2023,"Arsenal","Premier League","opponent",26,26.7,40.1,38,418,3420,38,42,27,69,39,3,5,84,1,42,38,31.6,69.6,510,907,1.11,0.71,1.82,1.03,1.74,1.1,0.83,1.93,1,1.83,"https://fbref.com/en/squads/18bb7c10/Arsenal-Stats"
2023,"Aston Villa","Premier League","team",26,27,49.3,38,418,3420,38,49,35,84,46,3,4,80,1,50.2,47.2,38.8,86,637,1242,1.29,0.92,2.21,1.21,2.13,1.32,1.02,2.34,1.24,2.26,"https://fbref.com/en/squads/8602292d/Aston-Villa-Stats"
2023,"Aston Villa","Premier League","opponent",26,26.5,50.6,38,418,3420,38,42,25,67,37,5,6,85,3,52.5,47.9,36.1,84,607,1323,1.11,0.66,1.76,0.97,1.63,1.38,0.95,2.33,1.26,2.21,"https://fbref.com/en/squads/8602292d/Aston-Villa-Stats"
2023,"Atalanta","Serie A","team",27,26.5,49.9,38,418,3420,38,64,42,106,58,6,8,83,3,57.7,51.3,42.7,93.9,687,1637,1.68,1.11,2.79,1.53,2.63,1.52,1.12,2.64,1.35,2.47,"https://fbref.com/en/squads/922493f3/Atalanta-Stats"
2023,"Atalanta","Serie A","opponent",27,26.5,50.1,38,418,3420,38,46,35,81,43,3,3,83,1,41.4,39.2,30.5,69.7,595,1264,1.21,0.92,2.13,1.13,2.05,1.09,0.8,1.89,1.03,1.83,"https://fbref.com/en/squads/922493f3/Atalanta-Stats"
2023,"Athletic Club","La Liga","team",26,27.4,51.6,38,418,3420,38,46,33,79,41,5,7,81,5,54.2,48.7,38.9,87.6,864,1816,1.21,0.87,2.08,1.08,1.95,1.43,1.02,2.45,1.28,2.31,"https://fbref.com/en/squads/2b390eca/Athletic-Club-Stats"
2023,"Athletic Club","La Liga","opponent",26,27.3,48.4,38,418,3420,38,40,28,68,37,3,3,97,3,36.9,34.5,26.9,61.4,549,1211,1.05,0.74,1.79,0.97,1.71,0.97,0.71,1.68,0.91,1.62,"https://fbref.com/en/squads/2b390eca/Athletic-Club-Stats"
2023,"Atlético Madrid","La Liga","team",27,28.5,50.6,38,418,3420,38,68,51,119,67,1,1,92,8,62.3,61.5,48.5,110,730,1571,1.79,1.34,3.13,1.76,3.11,1.64,1.28,2.91,1.62,2.89,"https://fbref.com/en/squads/db3b9613/Atletico-Madrid-Stats"
2023,"Atlético Madrid","La Liga","opponent",27,27,49.4,38,418,3420,38,33,22,55,29,4,5,93,6,41.3,37.4,31.5,68.9,729,1634,0.87,0.58,1.45,0.76,1.34,1.09,0.83,1.92,0.98,1.81,"https://fbref.com/en/squads/db3b9613/Atletico-Madrid-Stats"
2023,"Augsburg","Bundesliga","team",34,25.9,41.7,34,374,3060,34,41,29,70,37,4,5,96,5,34.7,30.9,24.3,55.2,331,847,1.21,0.85,2.06,1.09,1.94,1.02,0.71,1.74,0.91,1.62,"https://fbref.com/en/squads/0cdc4311/Augsburg-Stats"
2023,"Augsburg","Bundesliga","opponent",34,26.5,58.3,34,374,3060,34,61,46,107,60,1,4,66,0,58.8,55.7,45.7,101.3,597,1458,1.79,1.35,3.15,1.76,3.12,1.73,1.34,3.07,1.64,2.98,"https://fbref.com/en/squads/0cdc4311/Augsburg-Stats"
2023,"Auxerre","Ligue 1","team",33,27.3,43.3,38,418,3420,38,32,17,49,25,7,9,54,6,42.7,35.7,27.2,62.9,531,1284,0.84,0.45,1.29,0.66,1.11,1.12,0.72,1.84,0.94,1.65,"https://fbref.com/en/squads/5ae09109/Auxerre-Stats"
2023,"Auxerre","Ligue 1","opponent",33,26.4,56.7,38,418,3420,38,62,45,107,58,4,6,47,3,58.9,54.7,45.1,99.9,669,1837,1.63,1.18,2.82,1.53,2.71,1.55,1.19,2.74,1.44,2.63,"https://fbref.com/en/squads/5ae09109/Auxerre-Stats"
2023,"Barcelona","La Liga","team",29,25.9,64.3,38,418,3420,38,69,56,125,69,0,2,83,6,75.5,74,60.1,134.1,963,2180,1.82,1.47,3.29,1.82,3.29,1.99,1.58,3.57,1.95,3.53,"https://fbref.com/en/squads/206d90db/Barcelona-Stats"
2023,"Barcelona","La Liga","opponent",29,27.4,35.7,38,418,3420,38,17,10,27,14,3,3,93,8,33.2,30.8,23,53.9,474,955,0.45,0.26,0.71,0.37,0.63,0.87,0.61,1.48,0.81,1.42,"https://fbref.com/en/squads/206d90db/Barcelona-Stats"
2023,"Bayern Munich","Bundesliga","team",28,26.6,64.2,34,374,3060,34,90,67,157,87,3,5,49,3,75,71,56.6,127.7,863,2041,2.65,1.97,4.62,2.56,4.53,2.2,1.67,3.87,2.09,3.75,"https://fbref.com/en/squads/054efa67/Bayern-Munich-Stats"
2023,"Bayern Munich","Bundesliga","opponent",28,26.6,35.8,34,374,3060,34,38,22,60,29,9,10,50,0,37.1,29.7,21.9,51.6,354,879,1.12,0.65,1.76,0.85,1.5,1.09,0.65,1.74,0.87,1.52,"https://fbref.com/en/squads/054efa67/Bayern-Munich-Stats"
2023,"Betis","La Liga","team",30,28.6,50.6,38,418,3420,38,43,26,69,35,8,9,82,15,51.8,44.8,35.1,79.9,620,1272,1.13,0.68,1.82,0.92,1.61,1.36,0.92,2.29,1.18,2.1,"https://fbref.com/en/squads/fc536746/Real-Betis-Stats"
2023,"Betis","La Liga","opponent",30,27.3,49.4,38,418,3420,38,40,28,68,37,3,3,99,8,50.1,47.7,36.9,84.7,750,1571,1.05,0.74,1.79,0.97,1.71,1.32,0.97,2.29,1.26,2.23,"https://fbref.com/en/squads/fc536746/Real-Betis-Stats"
2023,"Bochum","Bundesliga","team",26,29.4,46.1,34,374,3060,34,37,28,65,34,3,3,64,1,40,37.7,28.4,66,350,1022,1.09,0.82,1.91,1,1.82,1.18,0.83,2.01,1.11,1.94,"https://fbref.com/en/squads/b42c6323/Bochum-Stats"
2023,"Bochum","Bundesliga","opponent",26,26.3,53.9,34,374,3060,34,69,40,109,61,8,14,62,2,65.7,54.5,39.4,93.9,525,1247,2.03,1.18,3.21,1.79,2.97,1.93,1.16,3.09,1.6,2.76,"https://fbref.com/en/squads/b42c6323/Bochum-Stats"
2023,"Bologna","Serie A","team",27,26.6,54.7,38,418,3420,38,52,41,93,46,6,6,84,3,43.8,39.4,31.5,70.9,564,1366,1.37,1.08,2.45,1.21,2.29,1.15,0.83,1.98,1.04,1.87,"https://fbref.com/en/squads/1d8099f8/Bologna-Stats"
2023,"Bologna","Serie A","opponent",27,26.6,45.3,38,418,3420,38,46,29,75,39,7,9,84,2,48.7,41.7,31.6,73.3,565,1294,1.21,0.76,1.97,1.03,1.79,1.28,0.83,2.11,1.1,1.93,"https://fbref.com/en/squads/1d8099f8/Bologna-Stats"
2023,"Bournemouth","Premier League","team",31,26.3,40.4,38,418,3420,38,37,24,61,37,0,0,68,0,38.6,38.6,28.5,67.1,504,1006,0.97,0.63,1.61,0.97,1.61,1.02,0.75,1.76,1.02,1.76,"https://fbref.com/en/squads/4ba7cbea/Bournemouth-Stats"
2023,"Bournemouth","Premier League","opponent",31,26.6,59.9,38,418,3420,38,68,49,117,62,6,7,51,0,63.9,58.4,45.3,103.8,810,1988,1.79,1.29,3.08,1.63,2.92,1.68,1.19,2.87,1.54,2.73,"https://fbref.com/en/squads/4ba7cbea/Bournemouth-Stats"
2023,"Brentford","Premier League","team",25,26.2,43.8,38,418,3420,38,56,36,92,49,7,8,57,1,56.8,50.6,38.7,89.2,392,1131,1.47,0.95,2.42,1.29,2.24,1.49,1.02,2.51,1.33,2.35,"https://fbref.com/en/squads/cd051869/Brentford-Stats"
2023,"Brentford","Premier League","opponent",25,26.6,56.6,38,418,3420,38,43,30,73,41,2,2,61,1,49.9,48.7,36.8,85.5,741,1540,1.13,0.79,1.92,1.08,1.87,1.31,0.97,2.28,1.28,2.25,"https://fbref.com/en/squads/cd051869/Brentford-Stats"
2023,"Brest","Ligue 1","team",29,26.6,44.9,38,418,3420,38,43,28,71,36,7,8,63,2,43.3,37.1,29.6,66.7,592,1311,1.13,0.74,1.87,0.95,1.68,1.14,0.78,1.92,0.98,1.76,"https://fbref.com/en/squads/fb08dbb3/Brest-Stats"
2023,"Brest","Ligue 1","opponent",29,26.1,55.1,38,418,3420,38,52,34,86,45,7,9,76,7,56,49,38.1,87.1,686,1926,1.37,0.89,2.26,1.18,2.08,1.47,1,2.48,1.29,2.29,"https://fbref.com/en/squads/fb08dbb3/Brest-Stats"
2023,"Brighton","Premier League","team",29,26.3,60.2,38,418,3420,38,68,46,114,62,6,6,58,0,73.3,68.9,52.2,121.2,809,1849,1.79,1.21,3,1.63,2.84,1.93,1.37,3.3,1.81,3.19,"https://fbref.com/en/squads/d07537b9/Brighton-and-Hove-Albion-Stats"
2023,"Brighton","Premier League","opponent",29,26.5,39.5,38,418,3420,38,47,34,81,41,6,8,92,1,50.2,43.7,33.7,77.4,527,1026,1.24,0.89,2.13,1.08,1.97,1.32,0.89,2.21,1.15,2.04,"https://fbref.com/en/squads/d07537b9/Brighton-and-Hove-Albion-Stats"
2023,"Celta Vigo","La Liga","team",26,26.7,50.2,38,418,3420,38,41,31,72,39,2,3,85,6,42.8,40.4,30.9,71.4,704,1403,1.08,0.82,1.89,1.03,1.84,1.13,0.81,1.94,1.06,1.88,"https://fbref.com/en/squads/f25da7fb/Celta-Vigo-Stats"
2023,"Celta Vigo","La Liga","opponent",26,27.6,49.8,38,418,3420,38,52,35,87,47,5,8,112,9,45.5,39.3,30.6,69.8,536,1297,1.37,0.92,2.29,1.24,2.16,1.2,0.8,2,1.03,1.84,"https://fbref.com/en/squads/f25da7fb/Celta-Vigo-Stats"
2023,"Chelsea","Premier League","team",32,26.3,58.7,38,418,3420,38,37,27,64,34,3,3,81,3,49.5,47.2,38.6,85.8,829,1737,0.97,0.71,1.68,0.89,1.61,1.3,1.02,2.32,1.24,2.26,"https://fbref.com/en/squads/cff3d9bb/Chelsea-Stats"
2023,"Chelsea","Premier League","opponent",32,26.6,41,38,418,3420,38,44,32,76,43,1,1,69,1,52.5,51.7,39.9,91.7,593,1203,1.16,0.84,2,1.13,1.97,1.38,1.05,2.43,1.36,2.41,"https://fbref.com/en/squads/cff3d9bb/Chelsea-Stats"
2023,"Clermont Foot","Ligue 1","team",28,27.2,48.3,38,418,3420,38,44,26,70,37,7,10,72,5,47.5,39.6,27.7,67.4,532,1304,1.16,0.68,1.84,0.97,1.66,1.25,0.73,1.98,1.04,1.77,"https://fbref.com/en/squads/d9676424/Clermont-Foot-Stats"
2023,"Clermont Foot","Ligue 1","opponent",28,26.3,51.7,38,418,3420,38,49,33,82,41,8,12,76,9,58.2,48.7,35.4,84.1,646,1688,1.29,0.87,2.16,1.08,1.95,1.53,0.93,2.46,1.28,2.21,"https://fbref.com/en/squads/d9676424/Clermont-Foot-Stats"
2023,"Cremonese","Serie A","team",33,26,42.1,38,418,3420,38,35,18,53,30,5,7,81,3,38.7,33.2,24.3,57.5,521,1107,0.92,0.47,1.39,0.79,1.26,1.02,0.64,1.66,0.87,1.51,"https://fbref.com/en/squads/9aad3a77/Cremonese-Stats"
2023,"Cremonese","Serie A","opponent",33,26.6,57.9,38,418,3420,38,68,46,114,63,5,5,66,1,66.1,62.2,49.1,111.2,763,1615,1.79,1.21,3,1.66,2.87,1.74,1.29,3.03,1.64,2.93,"https://fbref.com/en/squads/9aad3a77/Cremonese-Stats"
2023,"Crystal Palace","Premier League","team",26,26.7,46.3,38,418,3420,38,38,29,67,37,1,3,82,3,39.3,36.8,29,65.8,556,1243,1,0.76,1.76,0.97,1.74,1.03,0.76,1.8,0.97,1.73,"https://fbref.com/en/squads/47c64c55/Crystal-Palace-Stats"
2023,"Crystal Palace","Premier League","opponent",26,26.6,53.9,38,418,3420,38,46,32,78,42,4,4,83,3,48.1,44.9,34.5,79.4,590,1592,1.21,0.84,2.05,1.11,1.95,1.26,0.91,2.17,1.18,2.09,"https://fbref.com/en/squads/47c64c55/Crystal-Palace-Stats"
2023,"Cádiz","La Liga","team",38,29.1,41.9,38,418,3420,38,29,20,49,25,4,5,116,7,41.6,37.7,27.8,65.5,475,969,0.76,0.53,1.29,0.66,1.18,1.09,0.73,1.82,0.99,1.72,"https://fbref.com/en/squads/ee7c297c/Cadiz-Stats"
2023,"Cádiz","La Liga","opponent",38,27.2,58.1,38,418,3420,38,53,32,85,44,9,10,100,11,61.4,53.6,38.2,91.8,823,1739,1.39,0.84,2.24,1.16,2,1.62,1.01,2.62,1.41,2.42,"https://fbref.com/en/squads/ee7c297c/Cadiz-Stats"
2023,"Dortmund","Bundesliga","team",30,25.8,58.2,34,374,3060,34,81,61,142,77,4,6,66,0,71.1,66.5,51.9,118.4,783,1628,2.38,1.79,4.18,2.26,4.06,2.09,1.53,3.62,1.96,3.48,"https://fbref.com/en/squads/add600ae/Dortmund-Stats"
2023,"Dortmund","Bundesliga","opponent",30,26.5,41.8,34,374,3060,34,43,31,74,42,1,1,79,5,43.2,42.4,33.3,75.7,452,1064,1.26,0.91,2.18,1.24,2.15,1.27,0.98,2.25,1.25,2.23,"https://fbref.com/en/squads/add600ae/Dortmund-Stats"
2023,"Eint Frankfurt","Bundesliga","team",28,26.4,52.9,34,374,3060,34,56,33,89,50,6,6,71,1,52.1,47.4,36.2,83.5,632,1372,1.65,0.97,2.62,1.47,2.44,1.53,1.06,2.6,1.39,2.46,"https://fbref.com/en/squads/f0ac8ee6/Eintracht-Frankfurt-Stats"
2023,"Eint Frankfurt","Bundesliga","opponent",28,26.4,47.1,34,374,3060,34,51,41,92,49,2,2,78,2,43.5,41.9,33.6,75.5,435,1129,1.5,1.21,2.71,1.44,2.65,1.28,0.99,2.27,1.23,2.22,"https://fbref.com/en/squads/f0ac8ee6/Eintracht-Frankfurt-Stats"
2023,"Elche","La Liga","team",32,28.3,45.5,38,418,3420,38,30,21,51,26,4,5,99,12,37.5,33.6,27.1,60.7,561,1197,0.79,0.55,1.34,0.68,1.24,0.99,0.71,1.7,0.88,1.6,"https://fbref.com/en/squads/6c8b07df/Elche-Stats"
2023,"Elche","La Liga","opponent",32,27.3,54.5,38,418,3420,38,65,44,109,58,7,10,83,8,70,62.1,48.7,110.9,737,1615,1.71,1.16,2.87,1.53,2.68,1.84,1.28,3.13,1.64,2.92,"https://fbref.com/en/squads/6c8b07df/Elche-Stats"
2023,"Empoli","Serie A","team",32,25.3,47.3,38,418,3420,38,35,20,55,33,2,2,88,7,38.8,37.2,26.8,64,608,1114,0.92,0.53,1.45,0.87,1.39,1.02,0.71,1.73,0.98,1.69,"https://fbref.com/en/squads/a3d88bd8/Empoli-Stats"
2023,"Empoli","Serie A","opponent",32,26.7,52.7,38,418,3420,38,48,32,80,44,4,6,84,5,58.3,53.7,40.7,94.4,830,1684,1.26,0.84,2.11,1.16,2,1.53,1.07,2.6,1.41,2.48,"https://fbref.com/en/squads/a3d88bd8/Empoli-Stats"
2023,"Espanyol","La Liga","team",33,27.6,43.1,38,418,3420,38,51,31,82,46,5,5,99,10,48.3,44.4,35,79.4,528,1146,1.34,0.82,2.16,1.21,2.03,1.27,0.92,2.19,1.17,2.09,"https://fbref.com/en/squads/a8661628/Espanyol-Stats"
2023,"Espanyol","La Liga","opponent",33,27.6,56.9,38,418,3420,38,67,47,114,62,5,6,111,8,59.8,55.3,44.6,99.8,748,1634,1.76,1.24,3,1.63,2.87,1.57,1.17,2.75,1.45,2.63,"https://fbref.com/en/squads/a8661628/Espanyol-Stats"
2023,"Everton","Premier League","team",28,26.6,42.8,38,418,3420,38,32,24,56,29,3,3,81,2,45.2,42.8,32.4,75.1,500,1052,0.84,0.63,1.47,0.76,1.39,1.19,0.85,2.04,1.13,1.98,"https://fbref.com/en/squads/d3fd31cc/Everton-Stats"
2023,"Everton","Premier League","opponent",28,26.5,57.4,38,418,3420,38,57,36,93,52,5,6,76,1,65.7,61.1,45.7,106.8,752,1678,1.5,0.95,2.45,1.37,2.32,1.73,1.2,2.93,1.61,2.81,"https://fbref.com/en/squads/d3fd31cc/Everton-Stats"
2023,"Fiorentina","Serie A","team",30,26.5,56.1,38,418,3420,38,51,37,88,47,4,6,93,3,55,50.8,40.2,91,789,1627,1.34,0.97,2.32,1.24,2.21,1.45,1.06,2.51,1.34,2.39,"https://fbref.com/en/squads/421387cf/Fiorentina-Stats"
2023,"Fiorentina","Serie A","opponent",30,26.4,43.9,38,418,3420,38,41,28,69,34,7,8,103,7,43.4,37.4,30.7,68.1,476,922,1.08,0.74,1.82,0.89,1.63,1.14,0.81,1.95,0.98,1.79,"https://fbref.com/en/squads/421387cf/Fiorentina-Stats"
2023,"Freiburg","Bundesliga","team",27,27.4,48.1,34,374,3060,34,51,34,85,44,7,8,62,2,48,41.6,28.5,70.1,427,1039,1.5,1,2.5,1.29,2.29,1.41,0.84,2.25,1.22,2.06,"https://fbref.com/en/squads/a486e511/Freiburg-Stats"
2023,"Freiburg","Bundesliga","opponent",27,26.6,51.9,34,374,3060,34,44,28,72,39,5,6,80,5,48.8,44.1,35.2,79.3,527,1220,1.29,0.82,2.12,1.15,1.97,1.44,1.03,2.47,1.3,2.33,"https://fbref.com/en/squads/a486e511/Freiburg-Stats"
2023,"Fulham","Premier League","team",29,28.2,48.8,38,418,3420,38,52,33,85,47,5,9,80,1,46.2,39.1,28.5,67.7,662,1326,1.37,0.87,2.24,1.24,2.11,1.22,0.75,1.97,1.03,1.78,"https://fbref.com/en/squads/fd962109/Fulham-Stats"
2023,"Fulham","Premier League","opponent",29,26.7,51.3,38,418,3420,38,51,30,81,44,7,8,57,5,63.8,57.9,43.1,101,558,1406,1.34,0.79,2.13,1.16,1.95,1.68,1.13,2.81,1.52,2.66,"https://fbref.com/en/squads/fd962109/Fulham-Stats"
2023,"Getafe","La Liga","team",25,27.4,39.9,38,418,3420,38,34,21,55,29,5,8,125,9,36.7,30.4,22.5,53,365,1003,0.89,0.55,1.45,0.76,1.32,0.96,0.59,1.56,0.8,1.39,"https://fbref.com/en/squads/7848bd64/Getafe-Stats"
2023,"Getafe","La Liga","opponent",25,27.5,60.1,38,418,3420,38,43,29,72,39,4,8,91,7,46,39.8,31,70.8,689,1519,1.13,0.76,1.89,1.03,1.79,1.21,0.82,2.03,1.05,1.86,"https://fbref.com/en/squads/7848bd64/Getafe-Stats"
2023,"Girona","La Liga","team",29,26,51.3,38,418,3420,38,55,41,96,47,8,9,92,3,50.4,43.6,37.2,80.8,725,1378,1.45,1.08,2.53,1.24,2.32,1.33,0.98,2.31,1.15,2.13,"https://fbref.com/en/squads/9024a00a/Girona-Stats"
2023,"Girona","La Liga","opponent",29,27.2,48.7,38,418,3420,38,55,39,94,49,6,8,91,5,55,48.7,38.6,87.4,677,1439,1.45,1.03,2.47,1.29,2.32,1.45,1.02,2.46,1.28,2.3,"https://fbref.com/en/squads/9024a00a/Girona-Stats"
2023,"Hellas Verona","Serie A","team",36,26.6,41.2,38,418,3420,38,29,22,51,28,1,1,103,3,35.8,35.1,28.1,63.2,503,1063,0.76,0.58,1.34,0.74,1.32,0.94,0.74,1.68,0.92,1.66,"https://fbref.com/en/squads/0e72edf2/Hellas-Verona-Stats"
2023,"Hellas Verona","Serie A","opponent",36,26.6,58.8,38,418,3420,38,56,48,104,55,1,2,69,5,49.9,48.4,39.2,87.6,603,1494,1.47,1.26,2.74,1.45,2.71,1.31,1.03,2.35,1.27,2.3,"https://fbref.com/en/squads/0e72edf2/Hellas-Verona-Stats"
2023,"Hertha BSC","Bundesliga","team",32,26,42,34,374,3060,34,42,23,65,35,7,7,82,1,39.4,33.9,25.3,59.2,413,914,1.24,0.68,1.91,1.03,1.71,1.16,0.74,1.9,1,1.74,"https://fbref.com/en/squads/2818f8bc/Hertha-BSC-Stats"
2023,"Hertha BSC","Bundesliga","opponent",32,26.7,58,34,374,3060,34,69,51,120,64,5,6,47,1,60,55.5,46.3,101.8,535,1328,2.03,1.5,3.53,1.88,3.38,1.76,1.36,3.13,1.63,2.99,"https://fbref.com/en/squads/2818f8bc/Hertha-BSC-Stats"
2023,"Hoffenheim","Bundesliga","team",31,26.8,48.3,34,374,3060,34,46,30,76,39,7,9,80,5,48,41.1,32.4,73.4,457,1175,1.35,0.88,2.24,1.15,2.03,1.41,0.95,2.36,1.21,2.16,"https://fbref.com/en/squads/033ea6b8/Hoffenheim-Stats"
2023,"Hoffenheim","Bundesliga","opponent",31,26.6,51.7,34,374,3060,34,56,45,101,54,2,3,63,2,51.1,48.7,41.8,90.5,604,1338,1.65,1.32,2.97,1.59,2.91,1.5,1.23,2.73,1.43,2.66,"https://fbref.com/en/squads/033ea6b8/Hoffenheim-Stats"
2023,"Inter","Serie A","team",25,28.8,55.7,38,418,3420,38,68,50,118,64,4,5,65,3,68,64.5,51.8,116.3,668,1624,1.79,1.32,3.11,1.68,3,1.79,1.36,3.15,1.7,3.06,"https://fbref.com/en/squads/d609edc0/Internazionale-Stats"
2023,"Inter","Serie A","opponent",25,26.5,44.3,38,418,3420,38,39,34,73,36,3,3,89,1,36.5,34.1,29,63.1,697,1227,1.03,0.89,1.92,0.95,1.84,0.96,0.76,1.72,0.9,1.66,"https://fbref.com/en/squads/d609edc0/Internazionale-Stats"
2023,"Juventus","Serie A","team",29,27.7,49.6,38,418,3420,38,56,41,97,53,3,6,74,6,55.3,50.4,39.8,90.2,673,1394,1.47,1.08,2.55,1.39,2.47,1.45,1.05,2.5,1.33,2.37,"https://fbref.com/en/squads/e0652b02/Juventus-Stats"
2023,"Juventus","Serie A","opponent",29,26.7,50.4,38,418,3420,38,33,25,58,29,4,5,74,2,41.6,37.7,31.4,69.1,744,1357,0.87,0.66,1.53,0.76,1.42,1.09,0.83,1.92,0.99,1.82,"https://fbref.com/en/squads/e0652b02/Juventus-Stats"
2023,"Köln","Bundesliga","team",27,26,49.9,34,374,3060,34,46,31,77,42,4,4,75,3,47.9,44.7,35.1,79.9,522,1247,1.35,0.91,2.26,1.24,2.15,1.41,1.03,2.44,1.32,2.35,"https://fbref.com/en/squads/bc357bf7/Koln-Stats"
2023,"Köln","Bundesliga","opponent",27,26.6,50.1,34,374,3060,34,51,37,88,47,4,5,64,4,42.6,38.7,31.4,70.1,470,1157,1.5,1.09,2.59,1.38,2.47,1.25,0.92,2.18,1.14,2.06,"https://fbref.com/en/squads/bc357bf7/Koln-Stats"
2023,"Lazio","Serie A","team",24,28.6,52.1,38,418,3420,38,59,37,96,53,6,8,86,2,51.1,44.9,34.3,79.2,683,1381,1.55,0.97,2.53,1.39,2.37,1.35,0.9,2.25,1.18,2.08,"https://fbref.com/en/squads/7213da33/Lazio-Stats"
2023,"Lazio","Serie A","opponent",24,26.5,47.9,38,418,3420,38,29,21,50,28,1,2,108,7,41.3,39.8,31.5,71.3,598,1302,0.76,0.55,1.32,0.74,1.29,1.09,0.83,1.92,1.05,1.88,"https://fbref.com/en/squads/7213da33/Lazio-Stats"
2023,"Lecce","Serie A","team",29,24.8,41.3,38,418,3420,38,31,21,52,27,4,6,86,2,36.1,31.4,25.3,56.7,515,1232,0.82,0.55,1.37,0.71,1.26,0.95,0.66,1.61,0.83,1.49,"https://fbref.com/en/squads/ffcbe334/Lecce-Stats"
2023,"Lecce","Serie A","opponent",29,26.7,58.7,38,418,3420,38,43,30,73,38,5,6,90,2,42.1,37.7,31.6,69.2,613,1408,1.13,0.79,1.92,1,1.79,1.11,0.83,1.94,0.99,1.82,"https://fbref.com/en/squads/ffcbe334/Lecce-Stats"
2023,"Leeds United","Premier League","team",29,25.3,47,38,418,3420,38,45,31,76,44,1,3,89,3,47.4,45,31.9,76.9,555,1429,1.18,0.82,2,1.16,1.97,1.25,0.84,2.09,1.18,2.02,"https://fbref.com/en/squads/5bfb9659/Leeds-United-Stats"
2023,"Leeds United","Premier League","opponent",29,26.7,53.1,38,418,3420,38,77,50,127,72,5,6,66,3,67.2,62.5,49.9,112.5,596,1469,2.03,1.32,3.34,1.89,3.21,1.77,1.31,3.08,1.65,2.96,"https://fbref.com/en/squads/5bfb9659/Leeds-United-Stats"
2023,"Leicester City","Premier League","team",28,26.1,47.7,38,418,3420,38,49,36,85,46,3,6,63,2,50.6,45.8,38.5,84.2,580,1304,1.29,0.95,2.24,1.21,2.16,1.33,1.01,2.34,1.2,2.22,"https://fbref.com/en/squads/a2d435b3/Leicester-City-Stats"
2023,"Leicester City","Premier League","opponent",28,26.6,52.4,38,418,3420,38,63,46,109,59,4,5,64,2,63.4,59.9,48,107.9,721,1575,1.66,1.21,2.87,1.55,2.76,1.67,1.26,2.93,1.58,2.84,"https://fbref.com/en/squads/a2d435b3/Leicester-City-Stats"
2023,"Lens","Ligue 1","team",29,26.4,55.6,38,418,3420,38,66,49,115,60,6,9,63,3,66.9,60,47.6,107.6,738,1829,1.74,1.29,3.03,1.58,2.87,1.76,1.25,3.01,1.58,2.83,"https://fbref.com/en/squads/fd4e0f7d/Lens-Stats"
2023,"Lens","Ligue 1","opponent",29,26,44.4,38,418,3420,38,28,19,47,25,3,3,79,3,43.3,40.9,31.5,72.4,544,1268,0.74,0.5,1.24,0.66,1.16,1.14,0.83,1.97,1.08,1.91,"https://fbref.com/en/squads/fd4e0f7d/Lens-Stats"
2023,"Leverkusen","Bundesliga","team",27,24.7,52,34,374,3060,34,57,44,101,52,5,7,75,7,51.4,46,38.9,85,678,1243,1.68,1.29,2.97,1.53,2.82,1.51,1.15,2.66,1.35,2.5,"https://fbref.com/en/squads/c7a9f859/Bayer-Leverkusen-Stats"
2023,"Leverkusen","Bundesliga","opponent",27,26.5,48,34,374,3060,34,47,29,76,40,7,7,95,1,42.8,37.3,28.8,66.1,481,1254,1.38,0.85,2.24,1.18,2.03,1.26,0.85,2.11,1.1,1.94,"https://fbref.com/en/squads/c7a9f859/Bayer-Leverkusen-Stats"
2023,"Lille","Ligue 1","team",26,26,60.5,38,418,3420,38,65,40,105,54,11,12,82,1,68.7,60,46.4,106.5,798,1982,1.71,1.05,2.76,1.42,2.47,1.81,1.22,3.03,1.58,2.8,"https://fbref.com/en/squads/cb188c0c/Lille-Stats"
2023,"Lille","Ligue 1","opponent",26,26.2,39.5,38,418,3420,38,41,26,67,37,4,5,75,6,40.5,36.6,27.8,64.3,513,1060,1.08,0.68,1.76,0.97,1.66,1.07,0.73,1.8,0.96,1.69,"https://fbref.com/en/squads/cb188c0c/Lille-Stats"
2023,"Liverpool","Premier League","team",28,27.4,60.8,38,418,3420,38,71,58,129,69,2,4,57,1,72.6,69.5,56.7,126.1,719,1992,1.87,1.53,3.39,1.82,3.34,1.91,1.49,3.4,1.83,3.32,"https://fbref.com/en/squads/822bd0ba/Liverpool-Stats"
2023,"Liverpool","Premier League","opponent",28,26.6,38.9,38,418,3420,38,45,32,77,43,2,4,59,1,50.9,48.1,37.8,85.8,505,1101,1.18,0.84,2.03,1.13,1.97,1.34,0.99,2.33,1.26,2.26,"https://fbref.com/en/squads/822bd0ba/Liverpool-Stats"
2023,"Lorient","Ligue 1","team",30,25.2,46.6,38,418,3420,38,49,32,81,45,4,6,48,4,44.5,39.8,29.4,69.2,753,1329,1.29,0.84,2.13,1.18,2.03,1.17,0.77,1.94,1.05,1.82,"https://fbref.com/en/squads/d2c87802/Lorient-Stats"
2023,"Lorient","Ligue 1","opponent",30,26.4,53.4,38,418,3420,38,52,36,88,50,2,2,80,4,58.2,56.6,43,99.6,759,2065,1.37,0.95,2.32,1.32,2.26,1.53,1.13,2.66,1.49,2.62,"https://fbref.com/en/squads/d2c87802/Lorient-Stats"
2023,"Lyon","Ligue 1","team",29,25.5,58.1,38,418,3420,38,63,45,108,57,6,8,61,3,61.1,54.8,45.1,99.9,709,1883,1.66,1.18,2.84,1.5,2.68,1.61,1.19,2.8,1.44,2.63,"https://fbref.com/en/squads/d53c0b06/Lyon-Stats"
2023,"Lyon","Ligue 1","opponent",29,26.1,41.9,38,418,3420,38,44,24,68,33,11,11,66,4,51.7,43.1,34.1,77.2,677,1277,1.16,0.63,1.79,0.87,1.5,1.36,0.9,2.26,1.13,2.03,"https://fbref.com/en/squads/d53c0b06/Lyon-Stats"
2023,"M'Gladbach","Bundesliga","team",27,26.8,53.7,34,374,3060,34,52,39,91,48,4,6,62,3,52.1,47.5,41.2,88.7,518,1168,1.53,1.15,2.68,1.41,2.56,1.53,1.21,2.74,1.4,2.61,"https://fbref.com/en/squads/32f3ee20/Monchengladbach-Stats"
2023,"M'Gladbach","Bundesliga","opponent",27,26.4,46.3,34,374,3060,34,54,37,91,48,6,6,66,6,53.4,48.7,35.1,83.8,600,1349,1.59,1.09,2.68,1.41,2.5,1.57,1.03,2.6,1.43,2.46,"https://fbref.com/en/squads/32f3ee20/Monchengladbach-Stats"
2023,"Mainz 05","Bundesliga","team",27,27,44.8,34,374,3060,34,54,35,89,50,4,6,69,1,47.1,42.4,30,72.4,364,1155,1.59,1.03,2.62,1.47,2.5,1.39,0.88,2.27,1.25,2.13,"https://fbref.com/en/squads/a224b06a/Mainz-05-Stats"
2023,"Mainz 05","Bundesliga","opponent",27,26.6,55.2,34,374,3060,34,55,42,97,51,4,8,72,5,53.6,47.5,39,86.5,595,1279,1.62,1.24,2.85,1.5,2.74,1.58,1.15,2.72,1.4,2.54,"https://fbref.com/en/squads/a224b06a/Mainz-05-Stats"
2023,"Mallorca","La Liga","team",31,27.7,41.1,38,418,3420,38,36,27,63,32,4,5,120,5,35.2,31.1,26.5,57.7,476,948,0.95,0.71,1.66,0.84,1.55,0.93,0.7,1.62,0.82,1.52,"https://fbref.com/en/squads/2aa12281/Mallorca-Stats"
2023,"Mallorca","La Liga","opponent",31,27.4,58.9,38,418,3420,38,43,31,74,37,6,7,94,4,46.4,41,31.8,72.8,795,1706,1.13,0.82,1.95,0.97,1.79,1.22,0.84,2.06,1.08,1.92,"https://fbref.com/en/squads/2aa12281/Mallorca-Stats"
2023,"Manchester City","Premier League","team",24,27.2,64.7,38,418,3420,38,92,69,161,83,9,10,44,1,78.7,71.1,57.6,128.7,987,2073,2.42,1.82,4.24,2.18,4,2.07,1.52,3.59,1.87,3.39,"https://fbref.com/en/squads/b8fd03ef/Manchester-City-Stats"
2023,"Manchester City","Premier League","opponent",24,26.6,34.7,38,418,3420,38,32,21,53,29,3,3,80,2,32.1,29.8,23.8,53.5,434,860,0.84,0.55,1.39,0.76,1.32,0.85,0.63,1.47,0.78,1.41,"https://fbref.com/en/squads/b8fd03ef/Manchester-City-Stats"
2023,"Manchester Utd","Premier League","team",26,26.9,53.7,38,418,3420,38,56,42,98,53,3,3,78,2,67.7,65.3,52.2,117.5,711,1595,1.47,1.11,2.58,1.39,2.5,1.78,1.37,3.15,1.72,3.09,"https://fbref.com/en/squads/19538871/Manchester-United-Stats"
2023,"Manchester Utd","Premier League","opponent",26,26.4,46,38,418,3420,38,42,28,70,40,2,3,50,0,50.4,48,37.4,85.4,697,1355,1.11,0.74,1.84,1.05,1.79,1.33,0.98,2.31,1.26,2.25,"https://fbref.com/en/squads/19538871/Manchester-United-Stats"
2023,"Marseille","Ligue 1","team",30,27.3,56.7,38,418,3420,38,61,38,99,55,6,7,63,4,65.3,60,47,107,759,1919,1.61,1,2.61,1.45,2.45,1.72,1.24,2.95,1.58,2.82,"https://fbref.com/en/squads/5725cc7b/Marseille-Stats"
2023,"Marseille","Ligue 1","opponent",30,26.2,43.3,38,418,3420,38,37,22,59,32,5,5,64,0,42.5,38.5,30.2,68.8,577,1146,0.97,0.58,1.55,0.84,1.42,1.12,0.8,1.91,1.01,1.81,"https://fbref.com/en/squads/5725cc7b/Marseille-Stats"
2023,"Milan","Serie A","team",30,26,55.6,38,418,3420,38,61,49,110,56,5,5,90,2,58.8,55.1,46,101.1,795,1584,1.61,1.29,2.89,1.47,2.76,1.55,1.21,2.76,1.45,2.66,"https://fbref.com/en/squads/dc56fe14/Milan-Stats"
2023,"Milan","Serie A","opponent",30,26.7,44.4,38,418,3420,38,42,32,74,38,4,5,113,1,41.1,37.2,31,68.2,546,1168,1.11,0.84,1.95,1,1.84,1.08,0.82,1.9,0.98,1.8,"https://fbref.com/en/squads/dc56fe14/Milan-Stats"
2023,"Monaco","Ligue 1","team",27,24.7,48.2,38,418,3420,38,69,47,116,64,5,8,64,5,62.1,55.7,42.2,97.9,719,1820,1.82,1.24,3.05,1.68,2.92,1.63,1.11,2.74,1.47,2.58,"https://fbref.com/en/squads/fd6114db/Monaco-Stats"
2023,"Monaco","Ligue 1","opponent",27,26.3,51.8,38,418,3420,38,55,40,95,50,5,5,58,2,53.2,49.7,38.2,87.9,647,1518,1.45,1.05,2.5,1.32,2.37,1.4,1,2.41,1.31,2.31,"https://fbref.com/en/squads/fd6114db/Monaco-Stats"
2023,"Montpellier","Ligue 1","team",31,26,45.8,38,418,3420,38,64,41,105,57,7,7,68,10,52.2,46.7,34.3,80.9,556,1250,1.68,1.08,2.76,1.5,2.58,1.37,0.9,2.27,1.23,2.13,"https://fbref.com/en/squads/281b0e73/Montpellier-Stats"
2023,"Montpellier","Ligue 1","opponent",31,26.5,54.2,38,418,3420,38,60,42,102,54,6,11,82,10,62.2,53.5,39.4,92.9,794,1799,1.58,1.11,2.68,1.42,2.53,1.64,1.04,2.67,1.41,2.45,"https://fbref.com/en/squads/281b0e73/Montpellier-Stats"
2023,"Monza","Serie A","team",31,26.6,55.2,38,418,3420,38,46,31,77,41,5,6,90,4,45.9,41.2,33.8,75,708,1362,1.21,0.82,2.03,1.08,1.89,1.21,0.89,2.1,1.08,1.97,"https://fbref.com/en/squads/21680aa4/Monza-Stats"
2023,"Monza","Serie A","opponent",31,26.4,44.8,38,418,3420,38,51,32,83,48,3,3,78,5,51.3,49,38,87,768,1449,1.34,0.84,2.18,1.26,2.11,1.35,1,2.35,1.29,2.29,"https://fbref.com/en/squads/21680aa4/Monza-Stats"
2023,"Nantes","Ligue 1","team",29,26.7,45.9,38,418,3420,38,35,27,62,32,3,5,65,4,42.8,39,31.8,70.8,705,1565,0.92,0.71,1.63,0.84,1.55,1.13,0.84,1.96,1.03,1.86,"https://fbref.com/en/squads/d7a486cd/Nantes-Stats"
2023,"Nantes","Ligue 1","opponent",29,26.3,54.1,38,418,3420,38,51,29,80,42,9,9,61,5,52.4,45.5,34.5,80,750,1771,1.34,0.76,2.11,1.11,1.87,1.38,0.91,2.29,1.2,2.11,"https://fbref.com/en/squads/d7a486cd/Nantes-Stats"
2023,"Napoli","Serie A","team",27,26.4,61.8,38,418,3420,38,75,57,132,67,8,10,47,1,64.7,56.8,46.8,103.6,907,1804,1.97,1.5,3.47,1.76,3.26,1.7,1.23,2.94,1.5,2.73,"https://fbref.com/en/squads/d48ad4ff/Napoli-Stats"
2023,"Napoli","Serie A","opponent",27,26.4,38.2,38,418,3420,38,28,18,46,27,1,2,92,4,31.8,30.2,24.6,54.8,509,1013,0.74,0.47,1.21,0.71,1.18,0.84,0.65,1.48,0.8,1.44,"https://fbref.com/en/squads/d48ad4ff/Napoli-Stats"
2023,"Newcastle Utd","Premier League","team",27,27.3,52.3,38,418,3420,38,64,42,106,58,6,6,61,1,72,67.4,51.9,119.3,694,1618,1.68,1.11,2.79,1.53,2.63,1.89,1.37,3.26,1.77,3.14,"https://fbref.com/en/squads/b2b47a98/Newcastle-United-Stats"
2023,"Newcastle Utd","Premier League","opponent",27,26.8,47.6,38,418,3420,38,31,23,54,29,2,5,80,2,39.6,35.7,29.7,65.3,600,1201,0.82,0.61,1.42,0.76,1.37,1.04,0.78,1.82,0.94,1.72,"https://fbref.com/en/squads/b2b47a98/Newcastle-United-Stats"
2023,"Nice","Ligue 1","team",34,26.5,51.5,38,418,3420,38,47,32,79,41,6,7,53,3,57.2,51.8,39.4,91.1,774,1534,1.24,0.84,2.08,1.08,1.92,1.51,1.04,2.54,1.36,2.4,"https://fbref.com/en/squads/132ebc33/Nice-Stats"
2023,"Nice","Ligue 1","opponent",34,26.3,48.5,38,418,3420,38,37,25,62,34,3,5,44,4,44.6,40.6,32.7,73.3,704,1606,0.97,0.66,1.63,0.89,1.55,1.17,0.86,2.04,1.07,1.93,"https://fbref.com/en/squads/132ebc33/Nice-Stats"
2023,"Nott'ham Forest","Premier League","team",33,26.5,37.6,38,418,3420,38,36,22,58,33,3,6,84,0,39.3,34.6,26.3,61,435,859,0.95,0.58,1.53,0.87,1.45,1.03,0.69,1.73,0.91,1.6,"https://fbref.com/en/squads/e4a775cb/Nottingham-Forest-Stats"
2023,"Nott'ham Forest","Premier League","opponent",33,26.8,62.8,38,418,3420,38,68,45,113,62,6,9,65,0,64.2,57.5,45,102.5,813,1904,1.79,1.18,2.97,1.63,2.82,1.69,1.18,2.87,1.51,2.7,"https://fbref.com/en/squads/e4a775cb/Nottingham-Forest-Stats"
2023,"Osasuna","La Liga","team",26,27.5,48,38,418,3420,38,36,30,66,32,4,5,93,7,39.4,35.5,28.2,63.7,545,1356,0.95,0.79,1.74,0.84,1.63,1.04,0.74,1.78,0.93,1.68,"https://fbref.com/en/squads/03c57e2b/Osasuna-Stats"
2023,"Osasuna","La Liga","opponent",26,27.4,52,38,418,3420,38,40,29,69,39,1,4,81,9,45.7,42.5,34.8,77.4,680,1371,1.05,0.76,1.82,1.03,1.79,1.2,0.92,2.12,1.12,2.04,"https://fbref.com/en/squads/03c57e2b/Osasuna-Stats"
2023,"Paris S-G","Ligue 1","team",26,26.9,60.7,38,418,3420,38,86,62,148,81,5,7,57,5,78.2,72.6,56.8,129.3,810,2029,2.26,1.63,3.89,2.13,3.76,2.06,1.49,3.55,1.91,3.4,"https://fbref.com/en/squads/e2d8892c/Paris-Saint-Germain-Stats"
2023,"Paris S-G","Ligue 1","opponent",26,26.1,39.3,38,418,3420,38,39,27,66,37,2,5,50,4,48.3,44.3,34.7,79,698,1316,1.03,0.71,1.74,0.97,1.68,1.27,0.91,2.18,1.17,2.08,"https://fbref.com/en/squads/e2d8892c/Paris-Saint-Germain-Stats"
2023,"RB Leipzig","Bundesliga","team",25,26.3,58.1,34,374,3060,34,64,39,103,58,6,7,69,2,62.7,57.4,43.2,100.6,599,1450,1.88,1.15,3.03,1.71,2.85,1.84,1.27,3.11,1.69,2.96,"https://fbref.com/en/squads/acbb6a5b/RB-Leipzig-Stats"
2023,"RB Leipzig","Bundesliga","opponent",25,26.6,41.9,34,374,3060,34,39,23,62,32,7,8,81,1,37.2,30.9,23.5,54.4,424,1009,1.15,0.68,1.82,0.94,1.62,1.09,0.69,1.79,0.91,1.6,"https://fbref.com/en/squads/acbb6a5b/RB-Leipzig-Stats"
2023,"Rayo Vallecano","La Liga","team",28,27.9,51.2,38,418,3420,38,41,29,70,37,4,8,90,6,43.9,37.8,30,67.8,703,1390,1.08,0.76,1.84,0.97,1.74,1.16,0.79,1.95,0.99,1.78,"https://fbref.com/en/squads/98e8af82/Rayo-Vallecano-Stats"
2023,"Rayo Vallecano","La Liga","opponent",28,27.3,48.8,38,418,3420,38,49,34,83,45,4,5,93,7,49.9,46.2,36.6,82.8,589,1231,1.29,0.89,2.18,1.18,2.08,1.31,0.96,2.28,1.22,2.18,"https://fbref.com/en/squads/98e8af82/Rayo-Vallecano-Stats"
2023,"Real Madrid","La Liga","team",26,27.4,60.9,38,418,3420,38,73,56,129,64,9,12,72,3,75.5,66.1,56.8,122.9,1008,2017,1.92,1.47,3.39,1.68,3.16,1.99,1.49,3.48,1.74,3.23,"https://fbref.com/en/squads/53a2f082/Real-Madrid-Stats"
2023,"Real Madrid","La Liga","opponent",26,27.3,39.1,38,418,3420,38,35,21,56,31,4,5,97,7,38.9,35,27.8,62.8,631,1189,0.92,0.55,1.47,0.82,1.37,1.02,0.73,1.76,0.92,1.65,"https://fbref.com/en/squads/53a2f082/Real-Madrid-Stats"
2023,"Real Sociedad","La Liga","team",30,25.9,54.6,38,418,3420,38,47,36,83,45,2,4,90,2,52.7,49.6,39.5,89.1,692,1483,1.24,0.95,2.18,1.18,2.13,1.39,1.04,2.43,1.3,2.34,"https://fbref.com/en/squads/e31d1cd9/Real-Sociedad-Stats"
2023,"Real Sociedad","La Liga","opponent",30,27.5,45.4,38,418,3420,38,33,26,59,32,1,2,98,10,33.4,31.8,25.2,57,575,1025,0.87,0.68,1.55,0.84,1.53,0.88,0.66,1.54,0.84,1.5,"https://fbref.com/en/squads/e31d1cd9/Real-Sociedad-Stats"
2023,"Reims","Ligue 1","team",34,24.9,48.7,38,418,3420,38,45,31,76,38,7,8,70,9,61.5,55.2,43.4,98.6,712,1717,1.18,0.82,2,1,1.82,1.62,1.14,2.76,1.45,2.59,"https://fbref.com/en/squads/7fdd64e0/Reims-Stats"
2023,"Reims","Ligue 1","opponent",34,26.4,51.3,38,418,3420,38,43,28,71,40,3,3,66,6,52.7,50.3,40.4,90.8,663,1588,1.13,0.74,1.87,1.05,1.79,1.39,1.06,2.45,1.32,2.39,"https://fbref.com/en/squads/7fdd64e0/Reims-Stats"
2023,"Rennes","Ligue 1","team",32,25.2,55.4,38,418,3420,38,66,47,113,63,3,3,58,6,61.4,59,45.4,104.4,774,1922,1.74,1.24,2.97,1.66,2.89,1.62,1.2,2.81,1.55,2.75,"https://fbref.com/en/squads/b3072e00/Rennes-Stats"
2023,"Rennes","Ligue 1","opponent",32,26.2,44.6,38,418,3420,38,38,27,65,35,3,5,55,5,44.1,40.2,30.4,70.6,564,1323,1,0.71,1.71,0.92,1.63,1.16,0.8,1.96,1.06,1.86,"https://fbref.com/en/squads/b3072e00/Rennes-Stats"
2023,"Roma","Serie A","team",30,27.4,48.6,38,418,3420,38,50,33,83,43,7,10,82,4,57.4,49.9,38.9,88.8,684,1217,1.32,0.87,2.18,1.13,2,1.51,1.02,2.53,1.31,2.34,"https://fbref.com/en/squads/cf74a709/Roma-Stats"
2023,"Roma","Serie A","opponent",30,26.6,51.4,38,418,3420,38,37,26,63,35,2,3,124,8,32.1,29.8,21.8,51.6,636,1362,0.97,0.68,1.66,0.92,1.61,0.84,0.57,1.42,0.78,1.36,"https://fbref.com/en/squads/cf74a709/Roma-Stats"
2023,"Salernitana","Serie A","team",30,27.2,44.9,38,418,3420,38,46,34,80,44,2,2,85,4,36.7,35.2,26.9,62,519,1089,1.21,0.89,2.11,1.16,2.05,0.96,0.71,1.67,0.93,1.63,"https://fbref.com/en/squads/c5577084/Salernitana-Stats"
2023,"Salernitana","Serie A","opponent",30,26.6,55.1,38,418,3420,38,62,40,102,55,7,11,74,6,67.1,58,44.7,102.7,770,1624,1.63,1.05,2.68,1.45,2.5,1.77,1.18,2.94,1.53,2.7,"https://fbref.com/en/squads/c5577084/Salernitana-Stats"
2023,"Sampdoria","Serie A","team",40,27.9,46.1,38,418,3420,38,23,18,41,22,1,2,108,3,34.1,32.5,24.4,56.9,466,1126,0.61,0.47,1.08,0.58,1.05,0.9,0.64,1.54,0.85,1.5,"https://fbref.com/en/squads/8ff9e3b3/Sampdoria-Stats"
2023,"Sampdoria","Serie A","opponent",40,26.7,53.9,38,418,3420,38,69,53,122,61,8,11,79,1,66.3,57.9,47.6,105.5,723,1603,1.82,1.39,3.21,1.61,3,1.75,1.25,3,1.52,2.78,"https://fbref.com/en/squads/8ff9e3b3/Sampdoria-Stats"
2023,"Sassuolo","Serie A","team",31,26.1,49.2,38,418,3420,38,46,30,76,37,9,10,90,6,51.6,43.9,36.1,80,761,1565,1.21,0.79,2,0.97,1.76,1.36,0.95,2.31,1.16,2.11,"https://fbref.com/en/squads/e2befd26/Sassuolo-Stats"
2023,"Sassuolo","Serie A","opponent",31,26.5,50.8,38,418,3420,38,59,44,103,55,4,4,86,4,49.7,47.1,38.7,85.8,672,1349,1.55,1.16,2.71,1.45,2.61,1.31,1.02,2.33,1.24,2.26,"https://fbref.com/en/squads/e2befd26/Sassuolo-Stats"
2023,"Schalke 04","Bundesliga","team",35,27.5,46,34,374,3060,34,32,24,56,28,4,5,68,1,39.6,35.9,28.7,64.6,415,934,0.94,0.71,1.65,0.82,1.53,1.16,0.84,2.01,1.06,1.9,"https://fbref.com/en/squads/c539e393/Schalke-04-Stats"
2023,"Schalke 04","Bundesliga","opponent",35,26.6,54,34,374,3060,34,70,50,120,65,5,6,78,3,57.1,52.5,40.7,93.1,577,1240,2.06,1.47,3.53,1.91,3.38,1.68,1.2,2.88,1.54,2.74,"https://fbref.com/en/squads/c539e393/Schalke-04-Stats"
2023,"Sevilla","La Liga","team",35,28.7,52.6,38,418,3420,38,47,31,78,43,4,5,120,13,46.3,42.4,32,74.5,558,1513,1.24,0.82,2.05,1.13,1.95,1.22,0.84,2.06,1.12,1.96,"https://fbref.com/en/squads/ad2be733/Sevilla-Stats"
2023,"Sevilla","La Liga","opponent",35,27.3,47.4,38,418,3420,38,51,40,91,49,2,3,95,8,54.2,51.8,42,93.7,643,1275,1.34,1.05,2.39,1.29,2.34,1.43,1.1,2.53,1.36,2.47,"https://fbref.com/en/squads/ad2be733/Sevilla-Stats"
2023,"Southampton","Premier League","team",36,24.7,44.5,38,418,3420,38,36,25,61,34,2,4,73,0,37.7,34.5,28.2,62.7,588,1125,0.95,0.66,1.61,0.89,1.55,0.99,0.74,1.73,0.91,1.65,"https://fbref.com/en/squads/33c895d4/Southampton-Stats"
2023,"Southampton","Premier League","opponent",36,26.7,55.6,38,418,3420,38,68,55,123,66,2,3,63,2,61,58.7,46.4,105,652,1735,1.79,1.45,3.24,1.74,3.18,1.61,1.22,2.83,1.54,2.76,"https://fbref.com/en/squads/33c895d4/Southampton-Stats"
2023,"Spezia","Serie A","team",34,25.7,47.4,38,418,3420,38,29,18,47,25,4,4,103,6,41.5,38.5,29.3,67.8,553,1163,0.76,0.47,1.24,0.66,1.13,1.09,0.77,1.86,1.01,1.78,"https://fbref.com/en/squads/68449f6d/Spezia-Stats"
2023,"Spezia","Serie A","opponent",34,27,52.6,38,418,3420,38,59,41,100,54,5,7,61,2,59.5,54,43.2,97.2,671,1440,1.55,1.08,2.63,1.42,2.5,1.57,1.14,2.7,1.42,2.56,"https://fbref.com/en/squads/68449f6d/Spezia-Stats"
2023,"Strasbourg","Ligue 1","team",29,27.3,45.9,38,418,3420,38,48,28,76,43,5,7,73,7,48.5,42.8,32.1,74.9,610,1351,1.26,0.74,2,1.13,1.87,1.28,0.84,2.12,1.13,1.97,"https://fbref.com/en/squads/c0d3eab4/Strasbourg-Stats"
2023,"Strasbourg","Ligue 1","opponent",29,26.2,54.1,38,418,3420,38,59,34,93,49,10,11,68,7,55.4,47.2,35,82.1,691,1478,1.55,0.89,2.45,1.29,2.18,1.46,0.92,2.38,1.24,2.16,"https://fbref.com/en/squads/c0d3eab4/Strasbourg-Stats"
2023,"Stuttgart","Bundesliga","team",30,24.7,50.2,34,374,3060,34,45,34,79,40,5,5,72,5,47.6,43.7,38.1,81.7,609,1278,1.32,1,2.32,1.18,2.18,1.4,1.12,2.52,1.28,2.4,"https://fbref.com/en/squads/598bc722/Stuttgart-Stats"
2023,"Stuttgart","Bundesliga","opponent",30,26.6,49.8,34,374,3060,34,56,39,95,50,6,6,78,1,45.2,40.6,32.1,72.7,461,1226,1.65,1.15,2.79,1.47,2.62,1.33,0.94,2.27,1.19,2.14,"https://fbref.com/en/squads/598bc722/Stuttgart-Stats"
2023,"Torino","Serie A","team",28,25.2,53.2,38,418,3420,38,41,34,75,39,2,2,81,0,41.8,40.2,35,75.2,684,1328,1.08,0.89,1.97,1.03,1.92,1.1,0.92,2.02,1.06,1.98,"https://fbref.com/en/squads/105360fe/Torino-Stats"
2023,"Torino","Serie A","opponent",28,26.6,46.8,38,418,3420,38,41,28,69,36,5,6,66,1,40,35.3,28.2,63.5,524,1100,1.08,0.74,1.82,0.95,1.68,1.05,0.74,1.79,0.93,1.67,"https://fbref.com/en/squads/105360fe/Torino-Stats"
2023,"Tottenham","Premier League","team",29,27.6,50,38,418,3420,38,68,46,114,63,5,6,77,3,57.1,52.4,43.1,95.5,692,1449,1.79,1.21,3,1.66,2.87,1.5,1.13,2.64,1.38,2.51,"https://fbref.com/en/squads/361ca564/Tottenham-Hotspur-Stats"
2023,"Tottenham","Premier League","opponent",29,26.7,50.1,38,418,3420,38,62,45,107,59,3,4,79,2,49.7,46.6,36.3,82.8,685,1516,1.63,1.18,2.82,1.55,2.74,1.31,0.95,2.26,1.23,2.18,"https://fbref.com/en/squads/361ca564/Tottenham-Hotspur-Stats"
2023,"Toulouse","Ligue 1","team",29,25.1,51.3,38,418,3420,38,50,33,83,46,4,4,62,3,52.5,49.4,35.8,85.2,648,1737,1.32,0.87,2.18,1.21,2.08,1.38,0.94,2.33,1.3,2.24,"https://fbref.com/en/squads/3f8c4b5f/Toulouse-Stats"
2023,"Toulouse","Ligue 1","opponent",29,26.4,48.7,38,418,3420,38,54,31,85,50,4,7,64,2,57,51.4,37.5,88.9,743,1597,1.42,0.82,2.24,1.32,2.13,1.5,0.99,2.49,1.35,2.34,"https://fbref.com/en/squads/3f8c4b5f/Toulouse-Stats"
2023,"Troyes","Ligue 1","team",32,25.8,42.6,38,418,3420,38,43,26,69,38,5,5,55,5,39.1,35.6,27.9,63.5,638,1235,1.13,0.68,1.82,1,1.68,1.03,0.73,1.76,0.94,1.67,"https://fbref.com/en/squads/54195385/Troyes-Stats"
2023,"Troyes","Ligue 1","opponent",32,26.4,57.4,38,418,3420,38,79,51,130,72,7,8,47,5,78,71.7,54.5,126.2,791,2004,2.08,1.34,3.42,1.89,3.24,2.05,1.43,3.49,1.89,3.32,"https://fbref.com/en/squads/54195385/Troyes-Stats"
2023,"Udinese","Serie A","team",30,26.1,48,38,418,3420,38,46,41,87,45,1,2,88,3,46.9,45.4,37.8,83.2,646,1354,1.21,1.08,2.29,1.18,2.26,1.24,0.99,2.23,1.2,2.19,"https://fbref.com/en/squads/04eea015/Udinese-Stats"
2023,"Udinese","Serie A","opponent",30,26.8,52,38,418,3420,38,46,32,78,40,6,7,86,3,51.8,46.7,36.5,83.1,631,1462,1.21,0.84,2.05,1.05,1.89,1.36,0.96,2.32,1.23,2.19,"https://fbref.com/en/squads/04eea015/Udinese-Stats"
2023,"Union Berlin","Bundesliga","team",28,27.9,43.8,34,374,3060,34,49,38,87,46,3,7,65,2,37.9,32.5,25.9,58.4,375,1012,1.44,1.12,2.56,1.35,2.47,1.12,0.76,1.88,0.95,1.72,"https://fbref.com/en/squads/7a41008f/Union-Berlin-Stats"
2023,"Union Berlin","Bundesliga","opponent",28,26.3,56.2,34,374,3060,34,38,26,64,31,7,7,61,3,42.6,37.1,30.5,67.6,525,1334,1.12,0.76,1.88,0.91,1.68,1.25,0.9,2.15,1.09,1.99,"https://fbref.com/en/squads/7a41008f/Union-Berlin-Stats"
2023,"Valencia","La Liga","team",28,24.2,52,38,418,3420,38,40,23,63,35,5,8,92,8,49.3,43,32.5,75.5,786,1472,1.05,0.61,1.66,0.92,1.53,1.3,0.86,2.15,1.13,1.99,"https://fbref.com/en/squads/dcc91a7b/Valencia-Stats"
2023,"Valencia","La Liga","opponent",28,27.5,48,38,418,3420,38,43,34,77,41,2,5,127,10,43.5,39.7,32.3,72,480,1225,1.13,0.89,2.03,1.08,1.97,1.14,0.85,1.99,1.04,1.89,"https://fbref.com/en/squads/dcc91a7b/Valencia-Stats"
2023,"Valladolid","La Liga","team",36,27.4,48.7,38,418,3420,38,32,24,56,29,3,4,94,6,38.6,35.5,28.4,63.9,610,1244,0.84,0.63,1.47,0.76,1.39,1.02,0.75,1.76,0.93,1.68,"https://fbref.com/en/squads/17859612/Valladolid-Stats"
2023,"Valladolid","La Liga","opponent",36,27.4,51.3,38,418,3420,38,62,46,108,56,6,10,66,2,64.9,57.3,46.4,103.7,723,1486,1.63,1.21,2.84,1.47,2.68,1.71,1.22,2.93,1.51,2.73,"https://fbref.com/en/squads/17859612/Valladolid-Stats"
2023,"Villarreal","La Liga","team",32,28.4,56.9,38,418,3420,38,57,33,90,53,4,7,91,4,61.7,56.1,43.1,99.3,846,1622,1.5,0.87,2.37,1.39,2.26,1.62,1.13,2.76,1.48,2.61,"https://fbref.com/en/squads/2a8183b3/Villarreal-Stats"
2023,"Villarreal","La Liga","opponent",32,27.2,43.1,38,418,3420,38,39,29,68,35,4,4,105,5,50.3,47.2,36.2,83.3,640,1242,1.03,0.76,1.79,0.92,1.68,1.32,0.95,2.28,1.24,2.19,"https://fbref.com/en/squads/2a8183b3/Villarreal-Stats"
2023,"Werder Bremen","Bundesliga","team",25,27.4,49.3,34,374,3060,34,50,37,87,45,5,6,76,1,41.1,36.4,29,65.4,412,1140,1.47,1.09,2.56,1.32,2.41,1.21,0.85,2.06,1.07,1.92,"https://fbref.com/en/squads/62add3bf/Werder-Bremen-Stats"
2023,"Werder Bremen","Bundesliga","opponent",25,26.5,50.7,34,374,3060,34,62,50,112,60,2,3,66,0,52.9,50.6,38.4,89,574,1303,1.82,1.47,3.29,1.76,3.24,1.56,1.13,2.69,1.49,2.62,"https://fbref.com/en/squads/62add3bf/Werder-Bremen-Stats"
2023,"West Ham","Premier League","team",25,28.2,42.1,38,418,3420,38,41,25,66,35,6,8,44,0,49.2,43.7,32.7,76.4,614,1274,1.08,0.66,1.74,0.92,1.58,1.29,0.86,2.15,1.15,2.01,"https://fbref.com/en/squads/7c21e445/West-Ham-United-Stats"
2023,"West Ham","Premier League","opponent",25,26.6,58.2,38,418,3420,38,54,42,96,50,4,6,54,0,53,48.4,39.8,88.2,805,1721,1.42,1.11,2.53,1.32,2.42,1.4,1.05,2.44,1.27,2.32,"https://fbref.com/en/squads/7c21e445/West-Ham-United-Stats"
2023,"Wolfsburg","Bundesliga","team",28,24.8,50.6,34,374,3060,34,55,44,99,51,4,7,63,0,51.3,45.8,39.2,84.9,455,1306,1.62,1.29,2.91,1.5,2.79,1.51,1.15,2.66,1.35,2.5,"https://fbref.com/en/squads/4eaa11d7/Wolfsburg-Stats"
2023,"Wolfsburg","Bundesliga","opponent",28,26.5,49.4,34,374,3060,34,45,33,78,41,4,7,78,2,51.3,45.8,36.3,82.2,467,1157,1.32,0.97,2.29,1.21,2.18,1.51,1.07,2.58,1.35,2.42,"https://fbref.com/en/squads/4eaa11d7/Wolfsburg-Stats"
2023,"Wolves","Premier League","team",32,26.7,49.9,38,418,3420,38,28,12,40,25,3,3,85,6,36.8,34.5,25.4,59.9,610,1343,0.74,0.32,1.05,0.66,0.97,0.97,0.67,1.64,0.91,1.58,"https://fbref.com/en/squads/8cec06e1/Wolverhampton-Wanderers-Stats"
2023,"Wolves","Premier League","opponent",32,26.4,49.8,38,418,3420,38,57,44,101,55,2,4,75,0,59.9,56.7,44.2,100.9,702,1596,1.5,1.16,2.66,1.45,2.61,1.58,1.16,2.74,1.49,2.66,"https://fbref.com/en/squads/8cec06e1/Wolverhampton-Wanderers-Stats"
